SampleID,X_ft,Y_ft,GPS_Latitude,GPS_Longitude,Decimal_Latitude,Decimal_Longitude
S001,122.51,14602084.31,40-06-56.22,00-00-01.53,40.115616,0.000425
S002,56.34,14601967.42,40-06-55.06,00-00-00.70,40.115295,0.000195
S003,54.02,14602119.51,40-06-56.57,00-00-00.67,40.115713,0.000187
S004,143.35,14601980.42,40-06-55.19,00-00-01.79,40.115331,0.000497
S005,75.08,14601955.46,40-06-54.94,00-00-00.94,40.115262,0.000261
S006,82.93,14601874.92,40-06-54.15,00-00-01.04,40.115041,0.000288
S007,74.93,14601904.8,40-06-54.44,00-00-00.94,40.115123,0.00026
S008,132.72,14601920.08,40-06-54.59,00-00-01.66,40.115165,0.000461
S009,21.29,14601925.85,40-06-54.65,00-00-00.27,40.115181,7.4e-05
S010,99.37,14601955.62,40-06-54.95,00-00-01.24,40.115263,0.000345
S011,83.88,14602125.06,40-06-56.62,00-00-01.05,40.115728,0.000291
S012,48.8,14601951.45,40-06-54.90,00-00-00.61,40.115251,0.000169
S013,87.95,14601965.55,40-06-55.04,00-00-01.10,40.11529,0.000305
S014,57.84,14602004.06,40-06-55.42,00-00-00.72,40.115396,0.000201
S015,92.44,14602098.44,40-06-56.36,00-00-01.15,40.115655,0.000321
S016,137.31,14601870.01,40-06-54.10,00-00-01.72,40.115028,0.000476
S017,19.05,14601943.28,40-06-54.82,00-00-00.24,40.115229,6.6e-05
S018,96.51,14602042.32,40-06-55.80,00-00-01.21,40.115501,0.000335
S019,110.84,14601898.57,40-06-54.38,00-00-01.38,40.115106,0.000385
S020,11.74,14601896.69,40-06-54.36,00-00-00.15,40.115101,4.1e-05
S021,133.78,14602029.73,40-06-55.68,00-00-01.67,40.115466,0.000464
S022,74.19,14602026.59,40-06-55.65,00-00-00.93,40.115458,0.000257
S023,151.08,14602011.04,40-06-55.49,00-00-01.89,40.115415,0.000524
S024,152.7,14602054.02,40-06-55.92,00-00-01.91,40.115533,0.00053
S025,71.1,14602062.48,40-06-56.00,00-00-00.89,40.115556,0.000247
S026,156.58,14602114.06,40-06-56.51,00-00-01.96,40.115698,0.000543
S027,39.03,14602004.45,40-06-55.43,00-00-00.49,40.115397,0.000135
S028,41.43,14601895.49,40-06-54.35,00-00-00.52,40.115098,0.000144
S029,34.51,14602086.73,40-06-56.24,00-00-00.43,40.115623,0.00012
S030,153.4,14602089.92,40-06-56.27,00-00-01.92,40.115632,0.000532
S031,21.64,14602115.51,40-06-56.53,00-00-00.27,40.115702,7.5e-05
S032,57.2,14602036.85,40-06-55.75,00-00-00.71,40.115486,0.000198
S033,15.25,14602072.53,40-06-56.10,00-00-00.19,40.115584,5.3e-05
S034,124.55,14602100.7,40-06-56.38,00-00-01.56,40.115661,0.000432
S035,14.03,14601975.65,40-06-55.14,00-00-00.18,40.115318,4.9e-05
S036,50.19,14602081.41,40-06-56.19,00-00-00.63,40.115608,0.000174
S037,26.33,14602027.91,40-06-55.66,00-00-00.33,40.115461,9.1e-05
S038,141.63,14602124.21,40-06-56.61,00-00-01.77,40.115726,0.000491
S039,3.67,14601997.02,40-06-55.36,00-00-00.05,40.115376,1.3e-05
S040,0.84,14602055.76,40-06-55.94,00-00-00.01,40.115538,3e-06
S041,156.32,14602129.83,40-06-56.67,00-00-01.95,40.115741,0.000542
S042,26.7,14602061.81,40-06-56.00,00-00-00.33,40.115554,9.3e-05
S043,31.12,14601953.59,40-06-54.93,00-00-00.39,40.115257,0.000108
S044,72.66,14602046.3,40-06-55.84,00-00-00.91,40.115512,0.000252
S045,55.22,14601874.84,40-06-54.15,00-00-00.69,40.115041,0.000192
S046,114.6,14601998.0,40-06-55.36,00-00-01.43,40.115379,0.000398
S047,64.56,14601937.64,40-06-54.77,00-00-00.81,40.115213,0.000224
S048,32.12,14601867.7,40-06-54.08,00-00-00.40,40.115021,0.000111
S049,33.95,14602104.52,40-06-56.42,00-00-00.42,40.115672,0.000118
S050,77.47,14601994.85,40-06-55.33,00-00-00.97,40.11537,0.000269
S051,96.17,14602025.5,40-06-55.64,00-00-01.20,40.115455,0.000334
S052,95.86,14601991.0,40-06-55.30,00-00-01.20,40.11536,0.000333
S053,93.85,14601886.37,40-06-54.26,00-00-01.17,40.115072,0.000326
S054,130.41,14601938.37,40-06-54.78,00-00-01.63,40.115215,0.000452
S055,152.48,14601960.13,40-06-54.99,00-00-01.90,40.115275,0.000529
S056,151.19,14601884.1,40-06-54.24,00-00-01.89,40.115066,0.000525
S057,22.27,14601997.63,40-06-55.36,00-00-00.28,40.115378,7.7e-05
S058,104.7,14602081.19,40-06-56.19,00-00-01.31,40.115608,0.000363
S059,54.68,14601925.83,40-06-54.65,00-00-00.68,40.115181,0.00019
S060,103.21,14602123.21,40-06-56.60,00-00-01.29,40.115723,0.000358
S061,37.44,14601937.22,40-06-54.76,00-00-00.47,40.115212,0.00013
S062,57.31,14601902.51,40-06-54.42,00-00-00.72,40.115117,0.000199
S063,129.28,14602068.2,40-06-56.06,00-00-01.61,40.115572,0.000449
S064,112.42,14601937.98,40-06-54.77,00-00-01.40,40.115214,0.00039
S065,95.59,14602008.41,40-06-55.47,00-00-01.19,40.115408,0.000332
S066,3.24,14602012.91,40-06-55.51,00-00-00.04,40.11542,1.1e-05
S067,98.06,14601920.57,40-06-54.60,00-00-01.22,40.115166,0.00034
S068,85.5,14602071.8,40-06-56.09,00-00-01.07,40.115582,0.000297
S069,131.78,14601955.29,40-06-54.94,00-00-01.65,40.115262,0.000457
S070,1.81,14601872.54,40-06-54.12,00-00-00.02,40.115034,6e-06
S071,32.91,14601972.4,40-06-55.11,00-00-00.41,40.115309,0.000114
S072,70.56,14602081.02,40-06-56.19,00-00-00.88,40.115607,0.000245
S073,129.9,14601896.24,40-06-54.36,00-00-01.62,40.1151,0.000451
S074,112.58,14601964.52,40-06-55.03,00-00-01.41,40.115287,0.000391
S075,74.43,14601925.28,40-06-54.65,00-00-00.93,40.115179,0.000258
S076,117.24,14602056.9,40-06-55.95,00-00-01.46,40.115541,0.000407
S077,20.07,14601879.83,40-06-54.20,00-00-00.25,40.115054,7e-05
S078,157.23,14601903.15,40-06-54.43,00-00-01.96,40.115119,0.000546
S079,121.86,14601878.36,40-06-54.18,00-00-01.52,40.11505,0.000423
S080,79.06,14601978.3,40-06-55.17,00-00-00.99,40.115325,0.000274
S081,2.42,14601924.81,40-06-54.64,00-00-00.03,40.115178,8e-06
S082,120.52,14602017.25,40-06-55.56,00-00-01.51,40.115432,0.000418
S083,48.25,14602055.93,40-06-55.94,00-00-00.60,40.115538,0.000167
S084,131.65,14602050.59,40-06-55.88,00-00-01.64,40.115524,0.000457
S085,91.42,14601941.0,40-06-54.80,00-00-01.14,40.115223,0.000317
S086,140.95,14601998.5,40-06-55.37,00-00-01.76,40.11538,0.000489
S087,9.4,14602124.63,40-06-56.62,00-00-00.12,40.115727,3.3e-05
S088,1.11,14602037.12,40-06-55.75,00-00-00.01,40.115487,4e-06
S089,68.47,14602114.65,40-06-56.52,00-00-00.86,40.1157,0.000238
S090,103.9,14601874.8,40-06-54.15,00-00-01.30,40.115041,0.000361
S091,155.67,14601994.9,40-06-55.33,00-00-01.94,40.115371,0.00054
S092,138.04,14602088.46,40-06-56.26,00-00-01.72,40.115628,0.000479
S093,21.85,14601909.0,40-06-54.48,00-00-00.27,40.115135,7.6e-05
S094,10.42,14602097.46,40-06-56.35,00-00-00.13,40.115652,3.6e-05
S095,77.09,14602101.81,40-06-56.39,00-00-00.96,40.115664,0.000267
S096,148.52,14601936.88,40-06-54.76,00-00-01.86,40.115211,0.000515
S097,149.33,14601920.83,40-06-54.60,00-00-01.87,40.115167,0.000518
S098,0.35,14601963.08,40-06-55.02,00-00-00.00,40.115283,1e-06
S099,98.59,14601860.08,40-06-54.00,00-00-01.23,40.115,0.000342
S100,158.42,14601974.11,40-06-55.13,00-00-01.98,40.115313,0.00055
