Label,n_plots,mean_canopy_cover,sd_canopy_cover,mean_relative_density,mean_large_gap_fraction
AG29XF4,37,0.3483465510831464,0.06495873951312574,1.0522757774607685,0.6440053949637031
AG29XF5,39,0.3308123588084935,0.08934031391347486,0.9993089668218053,0.6598694282577942
AG34XF6,21,0.3391609816660397,0.07039235566621517,1.0245282594510416,0.6539489626658457
AG35XF5,20,0.3304051734037175,0.0833393176276201,0.9980789522370502,0.6639716132864268
AG36XF4,21,0.33499448919143376,0.07919497845039712,1.0119422324202934,0.6607538194383794
AG38XF6,21,0.34252714449438676,0.10844378498075144,1.0346966724760724,0.6532353094127347
AG40XFF5,21,0.34621605541024975,0.09008572344008126,1.0458400341367617,0.6465385572081849
LD00-2817P,3,0.32081710311856887,0.035820539082413075,0.9691155705635941,0.670794642048197
LD07-3395bf,9,0.3391724372183815,0.09437567778386226,1.024562864071668,0.6554360616329212
LD11-2170,10,0.3210728937323539,0.09217437610552935,0.9698882558855842,0.6709876148368108
LD17-10473F,10,0.3297718341911225,0.1169963326158593,0.9961657783868784,0.6626718841015512
LD17-10473L,3,0.4157360821132036,0.10415219796516907,1.255844238055184,0.5725491489222613
LD19-10076,3,0.41166219709924534,0.1432584833243443,1.243537957120238,0.5819763874375222
LD19-10244,3,0.4381827462991323,0.14201075314905104,1.32365051009722,0.5549770290964778
LD20-11748,11,0.3454346454452341,0.09366221726028827,1.0434795721890386,0.649650896169049
LD20-4471,11,0.3641466039789178,0.1215316494538913,1.100004147077526,0.6264503829526017
LD20-4542,10,0.37189068220984195,0.08279147143646502,1.123397247757939,0.6205538017481044
LD20-4988,9,0.3514431976675645,0.09897808530144694,1.0616300431539631,0.6406531113615697
LD20-5413,10,0.30603020308444906,0.040585396380902805,0.9244477055273068,0.6882083373291759
LD20-5738,10,0.33272403423023045,0.1150368173797406,1.0050837038886888,0.6590440955249725
LD21-3090,11,0.3136841620559872,0.07940661006843326,0.9475685764025455,0.6816520218167814
LD21-5253,16,0.3299865308817611,0.10882318029383573,0.9968143283046472,0.6624075500461852
LD21-5665,11,0.3708093104685219,0.1254492979876528,1.1201306694430873,0.6229070011875407
LD21-5944,10,0.373595834754857,0.10664652948761251,1.1285481261415942,0.6179799367683694
LD21-5991,3,0.3533204510478147,0.06864849826594166,1.067300799055095,0.6364461848764732
LD21-7234,18,0.35236528891123137,0.08648571930396594,1.0644154712780607,0.6411043675454535
LD22-4283,9,0.36312877105561875,0.07461922064486798,1.0969295050942498,0.627722332790467
LG3216,120,0.3534209637635358,0.10603380991374502,1.0676044251301953,0.639813784208838
