Label,StandardizedYield_at_reference_coverage
AG29XF4,2202.4607549443035
AG29XF5,2152.0103579568686
AG34XF6,1918.9389306668616
AG35XF5,1857.2891230478565
AG36XF4,1825.0429227251495
AG38XF6,1941.640633295633
AG40XFF5,1866.137057698132
LD00-2817P,2430.4874564599872
LD07-3395bf,2009.598413424426
LD11-2170,1747.2282342474737
LD17-10473F,2117.5582797938177
LD17-10473L,1954.9273559030808
LD19-10076,1967.771626630798
LD19-10244,2017.3580415317354
LD20-11748,1700.8457384330338
LD20-4471,1721.7135910806655
LD20-4542,1830.132157760538
LD20-4988,2001.9879885969765
LD20-5413,1627.0613431068532
LD20-5738,1638.9368007078922
LD21-3090,2112.3817199195387
LD21-5253,1803.6611220672692
LD21-5665,2013.2608823910457
LD21-5944,1736.7356610488814
LD21-5991,1927.05156845288
LD21-7234,1877.9695840311015
LD22-4283,1749.474839128424
LG3216,1889.8158762005753
