Group,Rank_by_median_adjusted_yield,Genotype,Median_adjusted_yield_kg_ha
AG,1,AG29XF4,2208.5507974372263
AG,2,AG29XF5,2009.2444074632556
AG,3,AG38XF6,1925.463770186996
AG,4,AG40XFF5,1894.1120884212096
AG,5,AG35XF5,1881.460128379783
AG,6,AG34XF6,1857.2380026879312
AG,7,AG36XF4,1780.5938709757058
LD,1,LD19-10244,2720.080920749516
LD,2,LD00-2817P,2709.570326737476
LD,3,LD21-5665,2309.95682356795
LD,4,LD07-3395bf,2203.924162387657
LD,5,LD21-3090,2171.4770659347387
LD,6,LD21-5991,2126.5003545817663
LD,7,LD17-10473F,2083.347739787941
LD,8,LD21-7234,1932.5469170337155
LD,9,LD20-5413,1903.118610402739
LD,10,LD20-4542,1891.1150683890687
LD,11,LD20-4988,1852.957602693361
LD,12,LD20-11748,1834.0157244982308
LD,13,LD21-5944,1832.231900739981
LD,14,LD20-4471,1799.0233129320222
LD,15,LD17-10473L,1766.5455823460452
LD,16,LD20-5738,1727.0616142127283
LD,17,LD11-2170,1713.954102882382
LD,18,LD21-5253,1713.7037360643085
LD,19,LD22-4283,1697.741529489557
LD,20,LD19-10076,1338.262956346651
