Label,n_plots,n_yield,mean_raw_yield,sd_raw_yield,mean_canopy_cover,sd_canopy_cover,mean_coverage_normalized,mean_coverage_spatial_normalized,sd_coverage_spatial_normalized,mean_interaction_normalized,sd_interaction_normalized
AG29XF4,37,37,2249.7675793865255,841.4262025761246,0.3483465510831464,0.06495873951312572,2253.8474216701047,2182.7980009208436,739.7951431567968,2202.4607549443053,741.4546953474231
AG29XF5,39,39,2232.235190248727,1030.246407148357,0.3308123588084935,0.08934031391347488,2232.263768409458,2157.0173673099516,944.5369575688756,2152.0103579568704,941.6932714921473
AG34XF6,21,21,1854.6453413939248,631.7070202794065,0.33916098166603964,0.07039235566621518,1856.6028636273668,1932.0961149669984,525.0636043707325,1918.9389306668618,529.7130190387747
AG35XF5,20,20,1893.9831211555818,563.4771151080954,0.33040517340371744,0.08333931762762012,1893.9176193840365,1881.5858952900358,422.08395135022226,1857.289123047861,423.7056442758132
AG36XF4,21,21,1776.6660994762663,705.8830561511257,0.3349944891914337,0.07919497845039712,1777.6609562378067,1844.4022211213287,604.6849267953341,1825.0429227251577,600.7901931263997
AG38XF6,21,21,1940.1671538671033,795.4971646191342,0.3425271444943867,0.10844378498075143,1942.9024259098626,1971.6988714756035,760.213016638725,1941.6406332956342,752.4991574337854
AG40XFF5,21,21,1841.091453350306,792.7877623990887,0.3462160554102497,0.09008572344008126,1844.6790459454885,1837.8028796867645,648.0965779966491,1866.1370576981326,577.3321848090761
LD00-2817P,3,3,3081.9983439971015,568.6254024901108,0.32081710311856887,0.0358205390824131,3079.717524602416,2415.5433224578387,578.7575842912073,2430.4874564599945,502.136245728218
LD07-3395bf,9,9,2098.0709910860182,843.7345361769788,0.3391724372183814,0.09437567778386229,2100.0311601176404,1987.9545781255397,894.7003221445059,2009.5984134244309,728.6145133865467
LD11-2170,10,10,2030.8084536373233,749.9136893189332,0.3210728937323539,0.09217437610552934,2028.5867345034512,1783.0921758570523,585.8514174392019,1747.2282342474778,555.8164463881769
LD17-10473F,10,10,2285.477364313351,668.3881194930821,0.3297718341911225,0.1169963326158593,2285.265529914138,2152.5161682972043,576.0148761566254,2117.558279793823,510.75816159387904
LD17-10473L,3,3,2092.131295564357,746.0828603760513,0.4157360821132035,0.10415219796516911,2111.7814467074036,1748.5607867229373,360.2837761651528,1954.9273559030817,194.49136620805547
LD19-10076,3,3,2229.532557746653,776.6920273256434,0.41166219709924534,0.14325848332434432,2248.241440313472,1748.5174495778358,717.9204017345206,1967.771626630798,563.7348731744455
LD19-10244,3,3,2979.754413670882,476.31385585800865,0.4381827462991322,0.14201075314905104,3004.59085248944,2357.942484666332,627.8719498042012,2017.3580415317356,491.4879477458262
LD20-11748,11,10,2038.165219742927,686.408323984106,0.3454346454452341,0.09366221726028826,2040.4176872197434,1740.4285764822882,559.9110233177059,1700.845738433039,540.7079268948171
LD20-4471,11,11,1948.1370849878454,684.1545797022471,0.3641466039789178,0.1215316494538913,1955.8675195789053,1769.881967652436,554.3602737854362,1721.713591080668,538.2972897872527
LD20-4542,10,10,2016.0536187612638,733.308471930925,0.3718906822098419,0.08279147143646502,2025.5733177683887,1891.9646068289542,504.8336221055306,1830.1321577605402,476.10833330248715
LD20-4988,9,9,2341.0439070131365,861.0123364306563,0.35144319766756443,0.09897808530144692,2345.839227546987,2069.8247828975273,752.3333376130059,2001.9879885969822,706.7734472871276
LD20-5413,10,10,2279.1722411236697,899.8473746891605,0.306030203084449,0.0405853963809028,2273.4749177544627,1913.3920620325637,755.7964842354943,1627.061343106855,617.0261367412622
LD20-5738,10,10,1844.9471059112307,833.7159479972261,0.33272403423023045,0.11503681737974061,1845.4173754786316,1650.2763496553289,498.30636118941396,1638.9368007078951,471.05819595918405
LD21-3090,11,11,2231.4879479385827,870.7874678597011,0.3136841620559872,0.07940661006843328,2227.5590669871062,2130.136940054672,824.7297720747898,2112.381719919541,831.0169223164559
LD21-5253,16,16,1992.4601706749656,909.7289272273687,0.3299865308817611,0.10882318029383574,1992.2979418114087,1822.766681412359,747.0641055406118,1803.6611220672717,745.2508690205113
LD21-5665,11,11,2186.2563942325405,910.8635374028127,0.3708093104685219,0.1254492979876528,2195.5262429773634,2143.8283940716083,782.4310346464341,2013.2608823910493,727.2843321066082
LD21-5944,10,10,1974.8880852716181,684.9934555303182,0.373595834754857,0.10664652948761252,1984.8017587043337,1804.4466042862216,645.919646037597,1736.735661048883,631.5631764925288
LD21-5991,3,3,2602.79009378213,727.1822870237585,0.3533204510478147,0.06864849826594165,2608.019152531564,1972.4691364812618,505.09137562140785,1927.0515684528837,510.5208469986998
LD21-7234,18,18,2065.1315747636745,876.4581168284373,0.35236528891123137,0.08648571930396595,2070.1399439007882,1936.540424624023,758.4160125721936,1877.969584031105,742.5297526825736
LD22-4283,9,9,2006.4695339601155,621.270766164699,0.36312877105561875,0.07461922064486798,2013.964798892909,1842.8446556629283,567.5990383973138,1749.4748391284256,543.1153285472066
LG3216,120,120,2165.344693173038,912.413162537471,0.3534209637635358,0.106033809913745,2170.5969753223703,1913.5895201347219,768.1272774291164,1889.8158762005755,766.8060551860452
