PlotID,Block,BlockNum,Design,Row,Col,Label,HarvestEW,HarvestNS,FieldPosition,HarvestSource,HarvestDirection,HarvestDateTime,Harvest Sequence,Weight_kg_raw,Weight_kg_analysis,HarvestIssue,Quick Note,PlantCount,Plants_per_m2,VegetationFraction,Area_m2
B1_R0_C0,B1,1,1,0,0,AG34XF6,20,24,E20_N24,west_last_pass,S_to_N,2025-10-23 10:00:29,24,0.595,0.595,False,,11,2.7628171077321317,0.48548907201719815,3.981443422083552
B1_R0_C1,B1,1,1,0,1,LG3216,19,24,E19_N24,main,N_to_S,2025-10-22 15:42:07,458,0.445,0.445,False,,7,1.7581563412840837,0.20115565185987722,3.981443422083552
B1_R0_C2,B1,1,1,0,2,AG35XF5,18,24,E18_N24,main,S_to_N,2025-10-22 15:40:46,457,0.925,0.925,False,,14,3.5163126840730166,0.2855603448275862,3.9814434203796445
B1_R0_C3,B1,1,1,0,3,LG3216,17,24,E17_N24,main,N_to_S,2025-10-22 15:19:37,410,0.105,0.105,False,,1,0.2511651917195012,0.08117816091954023,3.9814434203796445
B1_R0_C4,B1,1,1,0,4,AG36XF4,16,24,E16_N24,main,S_to_N,2025-10-22 15:18:21,409,0.38,0.38,False,,8,2.0093215337560095,0.5377632534495279,3.9814434203796445
B1_R1_C0,B1,1,1,1,0,LG3216,20,23,E20_N23,west_last_pass,S_to_N,2025-10-23 10:00:01,23,1.06,1.06,False,,18,4.52097344894393,0.42592592592592593,3.981443422147211
B1_R1_C1,B1,1,1,1,1,AG29XF5,19,23,E19_N23,main,N_to_S,2025-10-22 15:42:33,459,0.72,0.72,False,,16,4.018643065792191,0.4188218390804598,3.981443422083552
B1_R1_C2,B1,1,1,1,2,LG3216,18,23,E18_N23,main,S_to_N,2025-10-22 15:40:23,456,1.275,1.275,False,,14,3.5163126825675874,0.45026929982046676,3.981443422084209
B1_R1_C3,B1,1,1,1,3,AG29XF4,17,23,E17_N23,main,N_to_S,2025-10-22 15:20:01,411,0.475,0.475,False,,18,4.520973449898916,0.5021739130434782,3.9814434213061927
B1_R1_C4,B1,1,1,1,4,LG3216,16,23,E16_N23,main,S_to_N,2025-10-22 15:17:55,408,0.25,0.25,False,,12,3.0139823006340145,0.40987124463519314,3.9814434203796445
B1_R2_C0,B1,1,1,2,0,AG40XFF5,20,22,E20_N22,west_last_pass,S_to_N,2025-10-23 09:59:32,22,0.9,0.9,False,,18,4.520973449016215,0.4409335727109515,3.981443422083552
B1_R2_C1,B1,1,1,2,1,LG3216,19,22,E19_N22,main,N_to_S,2025-10-22 15:43:04,460,0.605,0.605,False,,12,3.0139822993441436,0.38458781362007166,3.981443422083552
B1_R2_C2,B1,1,1,2,2,AG38XF6,18,22,E18_N22,main,S_to_N,2025-10-22 15:39:58,455,1.295,1.295,False,,9,2.2604867245081075,0.44187725631768954,3.981443422083552
B1_R2_C3,B1,1,1,2,3,LG3216,17,22,E17_N22,main,N_to_S,2025-10-22 15:20:28,412,1.07,1.07,False,,16,4.018643065792191,0.47945694891032514,3.981443422083552
B1_R2_C4,B1,1,1,2,4,AG36XF4,16,22,E16_N22,main,S_to_N,2025-10-22 15:17:28,407,0.075,0.075,False,,12,3.0139822993441436,0.3143979992854591,3.981443422083552
B1_R3_C0,B1,1,1,3,0,LG3216,20,21,E20_N21,west_last_pass,S_to_N,2025-10-23 09:59:05,21,0.51,0.51,False,,8,2.0093215337560095,0.5669882100750268,3.9814434203796445
B1_R3_C1,B1,1,1,3,1,AG38XF6,19,21,E19_N21,main,N_to_S,2025-10-22 15:43:32,461,0.685,0.685,False,,12,3.0139823006340145,0.5487585462396546,3.9814434203796445
B1_R3_C2,B1,1,1,3,2,LG3216,18,21,E18_N21,main,S_to_N,2025-10-22 15:39:29,454,1.0,1.0,False,,6,1.5069911496720718,0.2895019706198495,3.981443422083552
B1_R3_C3,B1,1,1,3,3,AG29XF5,17,21,E17_N21,main,N_to_S,2025-10-22 15:20:56,413,1.025,1.025,False,,13,3.2651474909561555,0.5076813147552698,3.981443422083552
B1_R3_C4,B1,1,1,3,4,LG3216,16,21,E16_N21,main,S_to_N,2025-10-22 15:17:06,406,0.23,0.23,False,,14,3.5163126825681674,0.5380200860832137,3.981443422083552
B1_R4_C0,B1,1,1,4,0,AG29XF4,20,20,E20_N20,west_last_pass,S_to_N,2025-10-23 09:58:37,20,0.8,0.8,False,,14,3.5163126840730166,0.33393113342898134,3.9814434203796445
B1_R4_C1,B1,1,1,4,1,LG3216,19,20,E19_N20,main,N_to_S,2025-10-22 15:43:53,462,0.455,0.455,False,,11,2.7628171088703386,0.32422717469446444,3.981443420443304
B1_R4_C2,B1,1,1,4,2,AG34XF6,18,20,E18_N20,main,S_to_N,2025-10-22 15:39:05,453,1.33,1.33,False,,12,3.0139822993441436,0.35834226509467665,3.981443422083552
B1_R4_C3,B1,1,1,4,3,LG3216,17,20,E17_N20,main,N_to_S,2025-10-22 15:21:19,414,0.99,0.99,False,,17,4.269808257335933,0.44404719342152305,3.9814434221472115
B1_R4_C4,B1,1,1,4,4,AG40XFF5,16,20,E16_N20,main,S_to_N,2025-10-22 15:16:43,405,0.505,0.505,False,,15,3.7674778741199417,0.4667630057803468,3.981443422147211
B1_R5_C0,B1,1,1,5,0,LG3216,20,19,E20_N19,west_last_pass,S_to_N,2025-10-23 09:58:09,19,0.7,0.7,False,,12,3.0139822993441436,0.46231518211323475,3.981443422083552
B1_R5_C1,B1,1,1,5,1,AG35XF5,19,19,E19_N19,main,N_to_S,2025-10-22 15:44:20,463,0.545,0.545,False,,15,3.767477874976002,0.3236870310825295,3.981443421242533
B1_R5_C2,B1,1,1,5,2,LG3216,18,19,E18_N19,main,S_to_N,2025-10-22 15:38:37,452,1.6,1.6,False,,10,2.5116519161201194,0.46736011477761835,3.981443422083552
B1_R5_C3,B1,1,1,5,3,AG36XF4,17,19,E17_N19,main,N_to_S,2025-10-22 15:21:42,415,0.585,0.585,False,,10,2.5116519161201194,0.4625998547567175,3.981443422083552
B1_R5_C4,B1,1,1,5,4,LG3216,16,19,E16_N19,main,S_to_N,2025-10-22 15:16:20,404,0.575,0.575,False,,10,2.5116519161201194,0.6540948275862069,3.981443422083552
B1_R6_C0,B1,1,1,6,0,AG35XF5,20,18,E20_N18,west_last_pass,S_to_N,2025-10-23 09:57:41,18,0.72,0.72,False,,11,2.7628171077321317,0.44296987087517936,3.981443422083552
B1_R6_C1,B1,1,1,6,1,LG3216,19,18,E19_N18,main,N_to_S,2025-10-22 15:44:40,464,0.165,0.165,False,,11,2.7628171077321317,0.3793103448275862,3.981443422083552
B1_R6_C2,B1,1,1,6,2,AG34XF6,18,18,E18_N18,main,S_to_N,2025-10-22 15:38:13,451,0.85,0.85,False,,10,2.5116519160799613,0.46804647785039943,3.981443422147211
B1_R6_C3,B1,1,1,6,3,LG3216,17,18,E17_N18,main,N_to_S,2025-10-22 15:22:07,416,0.665,0.665,False,,11,2.7628171077321317,0.3229166666666667,3.981443422083552
B1_R6_C4,B1,1,1,6,4,AG29XF5,16,18,E16_N18,main,S_to_N,2025-10-22 15:15:55,403,0.76,0.76,False,,4,1.0046607664480478,0.1603299856527977,3.981443422083552
B1_R7_C0,B1,1,1,7,0,LG3216,20,17,E20_N17,west_last_pass,S_to_N,2025-10-23 09:57:11,17,0.675,0.675,False,,13,3.2651474909561555,0.36386494252873564,3.981443422083552
B1_R7_C1,B1,1,1,7,1,AG40XFF5,19,17,E19_N17,main,N_to_S,2025-10-22 15:45:05,465,0.455,0.455,False,,19,4.772138640628227,0.5806451612903226,3.981443422083552
B1_R7_C2,B1,1,1,7,2,LG3216,18,17,E18_N17,main,S_to_N,2025-10-22 15:37:49,450,1.145,1.145,False,,9,2.2604867254755105,0.4165472779369627,3.9814434203796445
B1_R7_C3,B1,1,1,7,3,AG38XF6,17,17,E17_N17,main,N_to_S,2025-10-22 15:22:30,417,1.095,1.095,False,,10,2.511651917195012,0.3626295105394784,3.9814434203796445
B1_R7_C4,B1,1,1,7,4,LG3216,16,17,E16_N17,main,S_to_N,2025-10-22 15:15:33,402,1.05,1.05,False,,12,3.0139822999808015,0.45849802371541504,3.981443421242533
B2_R0_C0,B2,2,2,0,0,LD20-4542,15,24,E15_N24,main,N_to_S,2025-10-22 14:36:18,362,1.085,1.085,False,,13,3.2651474909561555,0.5213032581453634,3.981443422083552
B2_R0_C1,B2,2,2,0,1,AG29XF5,14,24,E14_N24,main,S_to_N,2025-10-22 14:34:47,361,0.48,0.48,False,,12,3.0139822993441436,0.5344827586206896,3.981443422083552
B2_R0_C2,B2,2,2,0,2,LD11-2170,13,24,E13_N24,main,N_to_S,2025-10-22 14:13:44,314,0.57,0.57,False,,9,2.2604867245081075,0.4059549745824256,3.981443422083552
B2_R0_C3,B2,2,2,0,3,AG29XF4,12,24,E12_N24,main,S_to_N,2025-10-22 14:12:23,313,0.66,0.66,False,,14,3.5163126825681674,0.4561781609195402,3.981443422083552
B2_R0_C4,B2,2,2,0,4,LD20-4471,11,24,E11_N24,main,N_to_S,2025-10-22 13:50:47,266,0.74,0.74,False,,6,1.5069911496720718,0.509698275862069,3.981443422083552
B2_R1_C0,B2,2,2,1,0,AG29XF4,15,23,E15_N23,main,N_to_S,2025-10-22 14:36:47,363,1.72,1.72,False,,10,2.511651917154853,0.35811781609195403,3.9814434204433042
B2_R1_C1,B2,2,2,1,1,LD20-5413,14,23,E14_N23,main,S_to_N,2025-10-22 14:34:21,360,0.815,0.815,False,,12,3.013982299295953,0.4455337690631808,3.9814434221472115
B2_R1_C2,B2,2,2,1,2,AG29XF5,13,23,E13_N23,main,N_to_S,2025-10-22 14:14:04,315,0.47,0.47,False,,4,1.0046607664319844,0.8082437275985663,3.981443422147211
B2_R1_C3,B2,2,2,1,3,LD22-4283,12,23,E12_N23,main,S_to_N,2025-10-22 14:12:01,312,0.84,0.84,False,,16,4.018643065792191,0.44150268336314846,3.981443422083552
B2_R1_C4,B2,2,2,1,4,AG29XF5,11,23,E11_N23,main,N_to_S,2025-10-22 13:51:15,267,1.775,1.775,False,,1,0.25116519161201195,0.16028880866425993,3.981443422083552
B2_R2_C0,B2,2,2,2,0,LD20-5738,15,22,E15_N22,main,N_to_S,2025-10-22 14:37:15,364,1.135,1.135,False,,9,2.2604867254755105,0.29384057971014493,3.9814434203796445
B2_R2_C1,B2,2,2,2,1,AG29XF4,14,22,E14_N22,main,S_to_N,2025-10-22 14:33:52,359,0.43,0.43,False,,17,4.269808257404203,0.4533762057877814,3.981443422083552
B2_R2_C2,B2,2,2,2,2,LD21-5253,13,22,E13_N22,main,N_to_S,2025-10-22 14:14:27,316,0.66,0.66,False,,11,2.7628171077321317,0.3858520900321543,3.981443422083552
B2_R2_C3,B2,2,2,2,3,AG29XF4,12,22,E12_N22,main,S_to_N,2025-10-22 14:11:35,311,1.195,1.195,False,,12,3.0139822993441436,0.5199712126664268,3.981443422083552
B2_R2_C4,B2,2,2,2,4,LD20-4988,11,22,E11_N22,main,N_to_S,2025-10-22 13:51:43,268,1.155,1.155,False,,12,3.0139822993441436,0.3858831959871014,3.981443422083552
B2_R3_C0,B2,2,2,3,0,AG29XF5,15,21,E15_N21,main,N_to_S,2025-10-22 14:37:44,365,2.28,2.28,False,,15,3.7674778741801793,0.5922608384091723,3.981443422083552
B2_R3_C1,B2,2,2,3,1,LD21-7234,14,21,E14_N21,main,S_to_N,2025-10-22 14:33:27,358,1.01,1.01,False,,11,2.7628171077321317,0.5401929260450161,3.981443422083552
B2_R3_C2,B2,2,2,3,2,AG29XF4,13,21,E13_N21,main,N_to_S,2025-10-22 14:14:50,317,0.85,0.85,False,,15,3.7674778741801793,0.5670731707317073,3.981443422083552
B2_R3_C3,B2,2,2,3,3,LD20-4471,12,21,E12_N21,main,S_to_N,2025-10-22 14:11:09,310,1.08,1.08,False,,11,2.7628171077321317,0.400431344356578,3.981443422083552
B2_R3_C4,B2,2,2,3,4,AG29XF5,11,21,E11_N21,main,N_to_S,2025-10-22 13:52:13,269,1.345,1.345,False,,11,2.7628171077321317,0.3115398356555913,3.981443422083552
B2_R4_C0,B2,2,2,4,0,LD11-2170,15,20,E15_N20,main,N_to_S,2025-10-22 14:38:11,366,1.415,1.415,False,,11,2.7628171077321317,0.5262593783494105,3.981443422083552
B2_R4_C1,B2,2,2,4,1,AG29XF5,14,20,E14_N20,main,S_to_N,2025-10-22 14:33:03,357,0.935,0.935,False,,18,4.520973449971202,0.5005362888809438,3.981443421242533
B2_R4_C2,B2,2,2,4,2,LD20-5738,13,20,E13_N20,main,N_to_S,2025-10-22 14:15:20,318,1.125,1.125,False,,11,2.7628171077321317,0.3840605842048323,3.981443422083552
B2_R4_C3,B2,2,2,4,3,AG29XF4,12,20,E12_N20,main,S_to_N,2025-10-22 14:10:41,309,1.045,1.045,False,,11,2.762817107687957,0.5105545617173524,3.9814434221472115
B2_R4_C4,B2,2,2,4,4,LD20-4542,11,20,E11_N20,main,N_to_S,2025-10-22 13:52:39,270,1.11,1.11,False,,1,0.2511651916079961,0.03118279569892473,3.981443422147211
B2_R5_C0,B2,2,2,5,0,AG29XF4,15,19,E15_N19,main,N_to_S,2025-10-22 14:38:38,367,1.26,1.26,False,,11,2.7628171077321317,0.4430153626295105,3.981443422083552
B2_R5_C1,B2,2,2,5,1,LD20-4988,14,19,E14_N19,main,S_to_N,2025-10-22 14:32:35,356,0.815,0.815,False,,9,2.2604867254755105,0.5833937635968093,3.9814434203796445
B2_R5_C2,B2,2,2,5,2,AG29XF5,13,19,E13_N19,main,N_to_S,2025-10-22 14:15:42,319,0.715,0.715,False,,12,3.0139823006340145,0.41271551724137934,3.9814434203796445
B2_R5_C3,B2,2,2,5,3,LD22-4283,12,19,E12_N19,main,S_to_N,2025-10-22 14:10:15,308,0.93,0.93,False,,14,3.5163126840730166,0.4191810344827586,3.9814434203796445
B2_R5_C4,B2,2,2,5,4,AG29XF4,11,19,E11_N19,main,N_to_S,2025-10-22 13:53:05,271,1.275,1.275,False,,11,2.7628171083157347,0.3166303558460421,3.981443421242533
B2_R6_C0,B2,2,2,6,0,LD20-5413,15,18,E15_N18,main,N_to_S,2025-10-22 14:39:05,368,1.635,1.635,False,,17,4.269808257404203,0.5134350036310821,3.981443422083552
B2_R6_C1,B2,2,2,6,1,AG29XF5,14,18,E14_N18,main,S_to_N,2025-10-22 14:32:06,355,0.83,0.83,False,,13,3.2651474923013093,0.4260057471264368,3.981443420443304
B2_R6_C2,B2,2,2,6,2,LD21-5253,13,18,E13_N18,main,N_to_S,2025-10-22 14:16:05,320,1.21,1.21,False,,16,4.018643067447765,0.3760775862068966,3.9814434204433042
B2_R6_C3,B2,2,2,6,3,AG29XF5,12,18,E12_N18,main,S_to_N,2025-10-22 14:09:48,307,1.01,1.01,False,,8,2.0093215337560095,0.3772628530050688,3.9814434203796445
B2_R6_C4,B2,2,2,6,4,LD21-7234,11,18,E11_N18,main,N_to_S,2025-10-22 13:53:37,272,1.385,1.385,False,,12,3.0139823006340145,0.3258064516129032,3.9814434203796445
B2_R7_C0,B2,2,2,7,0,AG29XF4,15,17,E15_N17,main,N_to_S,2025-10-22 14:39:30,369,1.945,1.945,False,,14,3.5163126825681674,0.5406182602444285,3.981443422083552
B2_R7_C1,B2,2,2,7,1,LD20-5738,14,17,E14_N17,main,S_to_N,2025-10-22 14:31:39,354,0.745,0.745,False,,7,1.7581563412840837,0.7269148174659986,3.981443422083552
B2_R7_C2,B2,2,2,7,2,AG29XF5,13,17,E13_N17,main,N_to_S,2025-10-22 14:16:32,321,0.61,0.61,False,,11,2.7628171077321317,0.5526410348544736,3.981443422083552
B2_R7_C3,B2,2,2,7,3,LD20-4471,12,17,E12_N17,main,S_to_N,2025-10-22 14:09:22,306,1.295,1.295,False,,15,3.767477874976002,0.40365984930032295,3.981443421242533
B2_R7_C4,B2,2,2,7,4,AG29XF4,11,17,E11_N17,main,N_to_S,2025-10-22 13:54:03,273,1.395,1.395,False,,11,2.762817108914513,0.34941050375133975,3.9814434203796445
B3_R0_C0,B3,3,3,0,0,LD21-5944,10,24,E10_N24,main,S_to_N,2025-10-22 12:20:09,265,1.465,1.465,False,,5,1.2558259580600597,0.09549745824255629,3.981443422083552
B3_R0_C1,B3,3,3,0,1,LG3216,9,24,E09_N24,main,N_to_S,2025-10-22 11:52:10,218,0.545,0.545,False,,7,1.7581563412840837,0.22701149425287356,3.981443422083552
B3_R0_C2,B3,3,3,0,2,LD11-2170,8,24,E08_N24,main,S_to_N,2025-10-22 11:50:32,217,1.075,1.075,False,,6,1.5069911496720718,0.12176724137931035,3.981443422083552
B3_R0_C3,B3,3,3,0,3,LG3216,7,24,E07_N24,main,N_to_S,2025-10-22 11:27:27,170,0.41,0.41,False,,5,1.2558259580600597,0.13580246913580246,3.981443422083552
B3_R0_C4,B3,3,3,0,4,LD20-11748,6,24,E06_N24,main,S_to_N,2025-10-22 11:24:04,169,1.35,1.35,False,,11,2.762817108914513,0.3216457960644007,3.9814434203796445
B3_R1_C0,B3,3,3,1,0,LG3216,10,23,E10_N23,main,S_to_N,2025-10-22 12:19:34,264,1.525,1.525,False,,2,0.5023303832240239,0.10596264367816093,3.981443422083552
B3_R1_C1,B3,3,3,1,1,LD22-4283,9,23,E09_N23,main,N_to_S,2025-10-22 11:52:34,219,0.985,0.985,False,,11,2.762817107687957,0.2093940480458946,3.9814434221472115
B3_R1_C2,B3,3,3,1,2,LG3216,8,23,E08_N23,main,S_to_N,2025-10-22 11:50:03,216,1.18,1.18,False,,13,3.2651474909039493,0.3312839059674503,3.981443422147211
B3_R1_C3,B3,3,3,1,3,LD17-10473F,7,23,E07_N23,main,N_to_S,2025-10-22 11:27:51,171,1.19,1.19,False,,8,2.0093215328960956,0.22543765630582352,3.981443422083552
B3_R1_C4,B3,3,3,1,4,LG3216,6,23,E06_N23,main,S_to_N,2025-10-22 11:23:33,168,2.075,2.075,False,,8,2.009321532863969,0.48624508753126117,3.9814434221472115
B3_R2_C0,B3,3,3,2,0,LD20-4542,10,22,E10_N22,main,S_to_N,2025-10-22 12:18:48,263,1.64,1.64,False,,1,0.2511651917195012,0.05144694533762058,3.9814434203796445
B3_R2_C1,B3,3,3,2,1,LG3216,9,22,E09_N22,main,N_to_S,2025-10-22 11:53:01,220,0.98,0.98,False,,3,0.7534955751585036,0.13422094278517452,3.9814434203796445
B3_R2_C2,B3,3,3,2,2,LD21-3090,8,22,E08_N22,main,S_to_N,2025-10-22 11:49:33,215,1.21,1.21,False,,5,1.255825958325334,0.17341454675743462,3.981443421242533
B3_R2_C3,B3,3,3,2,3,LG3216,7,22,E07_N22,main,N_to_S,2025-10-22 11:28:15,172,1.19,1.19,False,,11,2.7628171077321317,0.3687031082529475,3.981443422083552
B3_R2_C4,B3,3,3,2,4,LD00-2817P,6,22,E06_N22,main,S_to_N,2025-10-22 11:23:08,167,1.755,1.755,False,,13,3.2651474909561555,0.415351506456241,3.981443422083552
B3_R3_C0,B3,3,3,3,0,LG3216,10,21,E10_N21,main,S_to_N,2025-10-22 12:18:16,262,1.385,1.385,False,,9,2.2604867254393675,0.2266857962697274,3.9814434204433042
B3_R3_C1,B3,3,3,3,1,LD21-5253,9,21,E09_N21,main,N_to_S,2025-10-22 11:53:32,221,1.56,1.56,False,,11,2.762817108914513,0.34363767074047447,3.9814434203796445
B3_R3_C2,B3,3,3,3,2,LG3216,8,21,E08_N21,main,S_to_N,2025-10-22 11:49:07,214,1.73,1.73,False,,15,3.767477875792518,0.518399428367274,3.9814434203796445
B3_R3_C3,B3,3,3,3,3,LD07-3395bf,7,21,E07_N21,main,N_to_S,2025-10-22 11:28:47,173,0.97,0.97,False,,11,2.762817108914513,0.2627815516624955,3.9814434203796445
B3_R3_C4,B3,3,3,3,4,LG3216,6,21,E06_N21,main,S_to_N,2025-10-22 11:22:36,166,2.045,2.045,False,,7,1.7581563412840837,0.228602383531961,3.981443422083552
B3_R4_C0,B3,3,3,4,0,LD20-5738,10,20,E10_N20,main,S_to_N,2025-10-22 12:17:42,261,1.405,1.405,False,,6,1.5069911496720718,0.2545979084024522,3.981443422083552
B3_R4_C1,B3,3,3,4,1,LG3216,9,20,E09_N20,main,N_to_S,2025-10-22 11:53:58,222,0.8,0.8,False,,13,3.2651474916458683,0.2422293676312969,3.981443421242533
B3_R4_C2,B3,3,3,4,2,LD20-4471,8,20,E08_N20,main,S_to_N,2025-10-22 11:48:39,213,1.095,1.095,False,,5,1.255825958597506,0.2550071530758226,3.9814434203796445
B3_R4_C3,B3,3,3,4,3,LG3216,7,20,E07_N20,main,N_to_S,2025-10-22 11:29:14,174,0.425,0.425,False,,5,1.2558259585774265,0.26521739130434785,3.981443420443304
B3_R4_C4,B3,3,3,4,4,LD20-4988,6,20,E06_N20,main,S_to_N,2025-10-22 11:22:07,165,1.83,1.83,False,,1,0.25116519161201195,0.24892241379310345,3.981443422083552
B3_R5_C0,B3,3,3,5,0,LG3216,10,19,E10_N19,main,S_to_N,2025-10-22 12:17:10,260,1.635,1.635,False,,13,3.2651474909561555,0.3664395840803155,3.981443422083552
B3_R5_C1,B3,3,3,5,1,LD21-7234,9,19,E09_N19,main,N_to_S,2025-10-22 11:54:24,223,0.555,0.555,False,,12,3.0139822993441436,0.19719827586206898,3.981443422083552
B3_R5_C2,B3,3,3,5,2,LG3216,8,19,E08_N19,main,S_to_N,2025-10-22 11:48:06,212,1.495,1.495,False,,5,1.2558259580600597,0.2933914306463326,3.981443422083552
B3_R5_C3,B3,3,3,5,3,LD21-5665,7,19,E07_N19,main,N_to_S,2025-10-22 11:29:46,175,1.28,1.28,False,,10,2.511651916650668,0.2711925287356322,3.981443421242533
B3_R5_C4,B3,3,3,5,4,LG3216,6,19,E06_N19,main,S_to_N,2025-10-22 11:21:40,164,2.165,2.165,False,,13,3.2651474909561555,0.39325439540724794,3.981443422083552
B3_R6_C0,B3,3,3,6,0,LD19-10244,10,18,E10_N18,main,S_to_N,2025-10-22 12:16:34,259,1.67,1.67,False,,5,1.2558259580600597,0.23635057471264367,3.981443422083552
B3_R6_C1,B3,3,3,6,1,LG3216,9,18,E09_N18,main,N_to_S,2025-10-22 11:54:49,224,1.035,1.035,False,,5,1.2558259580399804,0.12504530627038782,3.9814434221472115
B3_R6_C2,B3,3,3,6,2,LD19-10076,8,18,E08_N18,main,S_to_N,2025-10-22 11:47:33,211,1.06,1.06,False,,4,1.0046607664319844,0.08369252873563218,3.981443422147211
B3_R6_C3,B3,3,3,6,3,LG3216,7,18,E07_N18,main,N_to_S,2025-10-22 11:30:13,176,0.925,0.925,False,,5,1.2558259580600597,0.19197707736389685,3.981443422083552
B3_R6_C4,B3,3,3,6,4,LD21-5991,6,18,E06_N18,main,S_to_N,2025-10-22 11:21:12,163,1.555,1.555,False,,4,1.0046607666442036,0.14049586776859505,3.9814434213061927
B3_R7_C0,B3,3,3,7,0,LG3216,10,17,E10_N17,main,S_to_N,2025-10-22 12:15:53,258,1.58,1.58,False,,9,2.2604867245081075,0.3966138328530259,3.981443422083552
B3_R7_C1,B3,3,3,7,1,LD17-10473L,9,17,E09_N17,main,N_to_S,2025-10-22 11:55:19,225,1.275,1.275,False,,8,2.0093215328960956,0.19131371141421394,3.981443422083552
B3_R7_C2,B3,3,3,7,2,LG3216,8,17,E08_N17,main,S_to_N,2025-10-22 11:46:55,210,1.1,1.1,False,,2,0.5023303832240239,0.033940693104680245,3.981443422083552
B3_R7_C3,B3,3,3,7,3,LD20-5413,7,17,E07_N17,main,N_to_S,2025-10-22 11:30:43,177,1.165,1.165,False,,1,0.25116519161201195,0.05766475644699141,3.981443422083552
B3_R7_C4,B3,3,3,7,4,LG3216,6,17,E06_N17,main,S_to_N,2025-10-22 11:20:47,162,1.535,1.535,False,,11,2.762817108914513,0.435565154787617,3.9814434203796445
B4_R0_C0,B4,4,4,0,0,AG34XF6,5,24,E05_N24,main,N_to_S,2025-10-22 11:01:50,122,0.49,0.49,False,,2,0.5023303834390024,0.11997126436781609,3.9814434203796445
B4_R0_C1,B4,4,4,0,1,LD17-10473F,4,24,E04_N24,main,S_to_N,2025-10-22 11:00:13,121,0.965,0.965,False,,5,1.255825958597506,0.17066085693536673,3.9814434203796445
B4_R0_C2,B4,4,4,0,2,AG35XF5,3,24,E03_N24,main,N_to_S,2025-10-22 10:35:39,74,0.715,0.715,False,,4,1.0046607666602672,0.16056034482758622,3.981443421242533
B4_R0_C3,B4,4,4,0,3,LD21-3090,2,24,E02_N24,main,S_to_N,2025-10-22 10:34:02,73,0.525,0.525,False,,5,1.2558259580600597,0.14387974230493916,3.981443422083552
B4_R0_C4,B4,4,4,0,4,AG40XFF5,1,24,E01_N24,main,N_to_S,2025-10-22 10:01:32,26,0.58,0.58,False,,5,1.2558259580600597,0.1523465703971119,3.981443422083552
B4_R1_C0,B4,4,4,1,0,LD21-7234,5,23,E05_N23,main,N_to_S,2025-10-22 11:02:14,123,0.895,0.895,False,,15,3.767477875792518,0.37803552011598407,3.9814434203796445
B4_R1_C1,B4,4,4,1,1,AG36XF4,4,23,E04_N23,main,S_to_N,2025-10-22 10:59:43,120,1.11,1.11,False,,6,1.5069911502929119,0.21689334287759485,3.981443420443304
B4_R1_C2,B4,4,4,1,2,LD21-5665,3,23,E03_N23,main,N_to_S,2025-10-22 10:36:06,75,1.19,1.19,False,,5,1.2558259585774265,0.17077527688460165,3.9814434204433042
B4_R1_C3,B4,4,4,1,3,AG38XF6,2,23,E02_N23,main,S_to_N,2025-10-22 10:33:33,72,1.15,1.15,False,,9,2.2604867245081075,0.31594098596617487,3.981443422083552
B4_R1_C4,B4,4,4,1,4,LD21-5253,1,23,E01_N23,main,N_to_S,2025-10-22 10:02:15,27,0.685,0.685,False,,6,1.5069911496479764,0.2070942314582587,3.9814434221472115
B4_R2_C0,B4,4,4,2,0,AG34XF6,5,22,E05_N22,main,N_to_S,2025-10-22 11:02:41,124,1.065,1.065,False,,9,2.2604867245081075,0.2977427445360086,3.981443422083552
B4_R2_C1,B4,4,4,2,1,LD07-3395bf,4,22,E04_N22,main,S_to_N,2025-10-22 10:59:14,119,1.365,1.365,False,,3,0.7534955749952004,0.10182207931404073,3.981443421242533
B4_R2_C2,B4,4,4,2,2,AG38XF6,3,22,E03_N22,main,N_to_S,2025-10-22 10:36:32,76,0.96,0.96,False,,8,2.0093215337560095,0.24103299856527977,3.9814434203796445
B4_R2_C3,B4,4,4,2,3,LD20-11748,2,22,E02_N22,main,S_to_N,2025-10-22 10:33:02,71,1.165,1.165,False,,3,0.7534955748360359,0.1811646297627606,3.981443422083552
B4_R2_C4,B4,4,4,2,4,AG35XF5,1,22,E01_N22,main,N_to_S,2025-10-22 10:03:00,28,0.96,0.96,False,,10,2.5116519161201194,0.4030010718113612,3.981443422083552
B4_R3_C0,B4,4,4,3,0,LD21-5944,5,21,E05_N21,main,N_to_S,2025-10-22 11:03:06,125,0.98,0.98,False,,3,0.7534955748239883,0.03751339764201501,3.981443422147211
B4_R3_C1,B4,4,4,3,1,AG36XF4,4,21,E04_N21,main,S_to_N,2025-10-22 10:58:42,118,1.16,1.16,False,,3,0.7534955748360359,0.10010725777618877,3.981443422083552
B4_R3_C2,B4,4,4,3,2,LD17-10473F,3,21,E03_N21,main,N_to_S,2025-10-22 10:37:02,77,1.595,1.595,False,,9,2.2604867245081075,0.3299675441759827,3.981443422083552
B4_R3_C3,B4,4,4,3,3,AG40XFF5,2,21,E02_N21,main,S_to_N,2025-10-22 10:32:32,70,1.355,1.355,False,,11,2.7628171077321317,0.3594420600858369,3.981443422083552
B4_R3_C4,B4,4,4,3,4,LD21-5944,1,21,E01_N21,main,N_to_S,2025-10-22 10:03:42,29,1.26,1.26,False,,7,1.7581563412840837,0.15012540308133285,3.981443422083552
B4_R4_C0,B4,4,4,4,0,AG40XFF5,5,20,E05_N20,main,N_to_S,2025-10-22 11:03:33,126,0.795,0.795,False,,4,1.0046607664480478,0.16291532690246516,3.981443422083552
B4_R4_C1,B4,4,4,4,1,LD21-5665,4,20,E04_N20,main,S_to_N,2025-10-22 10:58:13,117,1.185,1.185,False,,2,0.5023303832240239,0.1012292118582791,3.981443422083552
B4_R4_C2,B4,4,4,4,2,AG36XF4,3,20,E03_N20,main,N_to_S,2025-10-22 10:37:27,78,1.01,1.01,False,,3,0.7534955748360359,0.07595843783590112,3.981443422083552
B4_R4_C3,B4,4,4,4,3,LD21-7234,2,20,E02_N20,main,S_to_N,2025-10-22 10:32:02,69,1.475,1.475,False,,7,1.7581563420365083,0.2819683908045977,3.9814434203796445
B4_R4_C4,B4,4,4,4,4,AG35XF5,1,20,E01_N20,main,N_to_S,2025-10-22 10:04:28,30,1.455,1.455,False,,9,2.260486724985601,0.2726942628903413,3.981443421242533
B4_R5_C0,B4,4,4,5,0,LD21-3090,5,19,E05_N19,main,N_to_S,2025-10-22 11:03:58,127,1.3,1.3,False,,9,2.2604867245081075,0.2018881626724764,3.981443422083552
B4_R5_C1,B4,4,4,5,1,AG34XF6,4,19,E04_N19,main,S_to_N,2025-10-22 10:57:48,116,0.84,0.84,False,,4,1.0046607664480478,0.23599137931034483,3.981443422083552
B4_R5_C2,B4,4,4,5,2,LD07-3395bf,3,19,E03_N19,main,N_to_S,2025-10-22 10:37:56,79,1.41,1.41,False,,8,2.0093215328960956,0.4274425287356322,3.981443422083552
B4_R5_C3,B4,4,4,5,3,AG38XF6,2,19,E02_N19,main,S_to_N,2025-10-22 10:31:33,68,1.295,1.295,False,,5,1.255825958597506,0.16081130025353133,3.9814434203796445
B4_R5_C4,B4,4,4,5,4,LD20-11748,1,19,E01_N19,main,N_to_S,2025-10-22 10:05:08,31,1.325,1.325,False,,3,0.7534955751585036,0.2757260666905701,3.9814434203796445
B4_R6_C0,B4,4,4,6,0,AG38XF6,5,18,E05_N18,main,N_to_S,2025-10-22 11:04:20,128,0.66,0.66,False,,5,1.2558259580600597,0.19446441409058232,3.981443422083552
B4_R6_C1,B4,4,4,6,1,LD21-5253,4,18,E04_N18,main,S_to_N,2025-10-22 10:57:20,115,1.13,1.13,False,,10,2.511651916079961,0.23079684134960518,3.9814434221472115
B4_R6_C2,B4,4,4,6,2,AG34XF6,3,18,E03_N18,main,N_to_S,2025-10-22 10:38:30,80,1.12,1.12,False,,9,2.260486724471965,0.3233597692862293,3.981443422147211
B4_R6_C3,B4,4,4,6,3,LD21-5253,2,18,E02_N18,main,S_to_N,2025-10-22 10:30:57,67,1.005,1.005,False,,7,1.758156341627356,0.302475780409042,3.981443421306193
B4_R6_C4,B4,4,4,6,4,AG40XFF5,1,18,E01_N18,main,N_to_S,2025-10-22 10:05:50,32,1.3,1.3,False,,7,1.758156342008397,0.2801000357270454,3.9814434204433042
B4_R7_C0,B4,4,4,7,0,LD20-11748,5,17,E05_N17,main,N_to_S,2025-10-22 11:04:43,129,0.635,0.635,False,,3,0.7534955748360359,0.07686807293528782,3.981443422083552
B4_R7_C1,B4,4,4,7,1,AG35XF5,4,17,E04_N17,main,S_to_N,2025-10-22 10:56:47,114,1.305,1.305,False,,5,1.2558259580600597,0.18875358166189113,3.981443422083552
B4_R7_C2,B4,4,4,7,2,LD21-7234,3,17,E03_N17,main,N_to_S,2025-10-22 10:38:58,81,1.205,1.205,False,,6,1.5069911496720718,0.21490280777537796,3.981443422083552
B4_R7_C3,B4,4,4,7,3,AG36XF4,2,17,E02_N17,main,S_to_N,2025-10-22 10:30:21,66,1.035,1.035,False,,7,1.7581563412840837,0.19506966773847803,3.981443422083552
B4_R7_C4,B4,4,4,7,4,LD21-3090,1,17,E01_N17,main,N_to_S,2025-10-22 10:06:31,33,1.62,1.62,False,,4,1.0046607664480478,0.1279028224365845,3.981443422083552
B5_R0_C0,B5,5,4,0,0,AG36XF4,20,16,E20_N16,west_last_pass,S_to_N,2025-10-23 09:56:43,16,0.495,0.495,False,,2,0.5023303832240239,0.056515478761699066,3.981443422083552
B5_R0_C1,B5,5,4,0,1,LD21-5665,19,16,E19_N16,main,N_to_S,2025-10-22 15:45:27,466,0.195,0.195,False,,9,2.2604867245081075,0.317545748116254,3.981443422083552
B5_R0_C2,B5,5,4,0,2,AG38XF6,18,16,E18_N16,main,S_to_N,2025-10-22 15:37:24,449,0.775,0.775,False,,6,1.5069911503170073,0.24151482672382993,3.9814434203796445
B5_R0_C3,B5,5,4,0,3,LD07-3395bf,17,16,E17_N16,main,N_to_S,2025-10-22 15:22:56,418,1.045,1.045,False,,3,0.7534955751585036,0.3431232091690544,3.9814434203796445
B5_R0_C4,B5,5,4,0,4,AG35XF5,16,16,E16_N16,main,S_to_N,2025-10-22 15:15:07,401,0.71,0.71,False,,2,0.5023303834390024,0.2386609071274298,3.9814434203796445
B5_R1_C0,B5,5,4,1,0,LD21-7234,20,15,E20_N15,west_last_pass,S_to_N,2025-10-23 09:56:17,15,0.495,0.495,False,,7,1.7581563412559726,0.18214542836573075,3.9814434221472115
B5_R1_C1,B5,5,4,1,1,AG34XF6,19,15,E19_N15,main,N_to_S,2025-10-22 15:46:04,467,0.565,0.565,False,,10,2.5116519160799613,0.28795998570918185,3.981443422147211
B5_R1_C2,B5,5,4,1,2,LD20-11748,18,15,E18_N15,main,S_to_N,2025-10-22 15:36:55,448,0.84,0.84,False,,3,0.7534955748239882,0.03429796355841372,3.9814434221472115
B5_R1_C3,B5,5,4,1,3,AG40XFF5,17,15,E17_N15,main,N_to_S,2025-10-22 15:23:18,419,0.81,0.81,False,,9,2.2604867249852276,0.3087757313109426,3.9814434212431906
B5_R1_C4,B5,5,4,1,4,LD21-5253,16,15,E16_N15,main,S_to_N,2025-10-22 15:14:41,400,0.135,0.135,False,,6,1.5069911502929116,0.13147552697391926,3.9814434204433042
B5_R2_C0,B5,5,4,2,0,AG35XF5,20,14,E20_N14,west_last_pass,S_to_N,2025-10-23 09:55:50,14,0.495,0.495,False,,10,2.5116519161201194,0.2918899607002501,3.981443422083552
B5_R2_C1,B5,5,4,2,1,LD21-5944,19,14,E19_N14,main,N_to_S,2025-10-22 15:46:29,468,0.72,0.72,False,,11,2.7628171077321317,0.23115398356555913,3.981443422083552
B5_R2_C2,B5,5,4,2,2,AG36XF4,18,14,E18_N14,main,S_to_N,2025-10-22 15:36:32,447,1.035,1.035,False,,7,1.7581563412840837,0.19783001808318265,3.981443422083552
B5_R2_C3,B5,5,4,2,3,LD21-3090,17,14,E17_N14,main,N_to_S,2025-10-22 15:23:42,420,0.735,0.735,False,,15,3.7674778741801793,0.385663082437276,3.981443422083552
B5_R2_C4,B5,5,4,2,4,AG38XF6,16,14,E16_N14,main,S_to_N,2025-10-22 15:14:14,399,0.555,0.555,False,,3,0.7534955748360359,0.1281867145421903,3.981443422083552
B5_R3_C0,B5,5,4,3,0,LD17-10473F,20,13,E20_N13,west_last_pass,S_to_N,2025-10-23 09:55:23,13,0.585,0.585,False,,13,3.2651474923535155,0.4438483547925608,3.9814434203796445
B5_R3_C1,B5,5,4,3,1,AG40XFF5,19,13,E19_N13,main,N_to_S,2025-10-22 15:46:54,469,0.975,0.975,False,,10,2.511651917195012,0.35289855072463766,3.9814434203796445
B5_R3_C2,B5,5,4,3,2,LD21-5665,18,13,E18_N13,main,S_to_N,2025-10-22 15:36:03,446,1.35,1.35,False,,10,2.5116519161201194,0.38685344827586204,3.981443422083552
B5_R3_C3,B5,5,4,3,3,AG34XF6,17,13,E17_N13,main,N_to_S,2025-10-22 15:24:09,421,0.665,0.665,False,,10,2.5116519161201194,0.31501436781609193,3.981443422083552
B5_R3_C4,B5,5,4,3,4,LD21-5253,16,13,E16_N13,main,S_to_N,2025-10-22 15:13:48,398,0.625,0.625,False,,6,1.5069911496720718,0.2710821570756424,3.981443422083552
B5_R4_C0,B5,5,4,4,0,AG35XF5,20,12,E20_N12,west_last_pass,S_to_N,2025-10-23 09:54:58,12,0.895,0.895,False,,10,2.511651917195012,0.3630112196887441,3.9814434203796445
B5_R4_C1,B5,5,4,4,1,LD20-11748,19,12,E19_N12,main,N_to_S,2025-10-22 15:47:24,470,0.365,,True,machine issue plot weight likely incorrect,9,2.2604867254755105,0.31389488840892726,3.9814434203796445
B5_R4_C2,B5,5,4,4,2,AG36XF4,18,12,E18_N12,main,S_to_N,2025-10-22 15:35:39,445,1.015,1.015,False,,9,2.2604867245081075,0.3223259152907394,3.981443422083552
B5_R4_C3,B5,5,4,4,3,LD07-3395bf,17,12,E17_N12,main,N_to_S,2025-10-22 15:24:33,422,0.78,0.78,False,,6,1.5069911496720718,0.318100035984167,3.981443422083552
B5_R4_C4,B5,5,4,4,4,AG40XFF5,16,12,E16_N12,main,S_to_N,2025-10-22 15:13:24,397,0.62,0.62,False,,12,3.013982299295953,0.24523552678892485,3.9814434221472115
B5_R5_C0,B5,5,4,5,0,LD21-5944,20,11,E20_N11,west_last_pass,S_to_N,2025-10-23 09:54:32,11,0.71,0.71,False,,10,2.511651916650668,0.25342960288808664,3.981443421242533
B5_R5_C1,B5,5,4,5,1,AG38XF6,19,11,E19_N11,main,N_to_S,2025-10-23 09:42:07,471,0.44,0.44,False,,3,0.7534955751585036,0.05911859548548907,3.9814434203796445
B5_R5_C2,B5,5,4,5,2,LD17-10473F,18,11,E18_N11,main,S_to_N,2025-10-22 15:35:14,444,1.21,1.21,False,,9,2.2604867245081075,0.38626609442060084,3.981443422083552
B5_R5_C3,B5,5,4,5,3,AG34XF6,17,11,E17_N11,main,N_to_S,2025-10-22 15:24:58,423,0.75,0.75,False,,10,2.5116519161201194,0.32840663302090844,3.981443422083552
B5_R5_C4,B5,5,4,5,4,LD21-3090,16,11,E16_N11,main,S_to_N,2025-10-22 15:12:57,396,1.255,1.255,False,,2,0.5023303832240239,0.14040728831725616,3.981443422083552
B5_R6_C0,B5,5,4,6,0,AG34XF6,20,10,E20_N10,west_last_pass,S_to_N,2025-10-23 09:54:01,10,0.41,0.41,False,,12,3.0139822992959533,0.2872454448017149,3.981443422147211
B5_R6_C1,B5,5,4,6,1,LD21-7234,19,10,E19_N10,main,N_to_S,2025-10-23 09:42:48,472,0.345,0.345,False,,8,2.0093215328960956,0.35012504465880673,3.981443422083552
B5_R6_C2,B5,5,4,6,2,AG36XF4,18,10,E18_N10,main,S_to_N,2025-10-22 15:34:50,443,0.62,0.62,False,,11,2.762817107687957,0.3020231213872832,3.9814434221472115
B5_R6_C3,B5,5,4,6,3,LD21-3090,17,10,E17_N10,main,N_to_S,2025-10-22 15:25:23,424,0.855,0.855,False,,8,2.009321532863969,0.3747767059664166,3.981443422147211
B5_R6_C4,B5,5,4,6,4,AG35XF5,16,10,E16_N10,main,S_to_N,2025-10-22 15:12:33,395,0.665,0.665,False,,12,3.0139822993441436,0.34512325830653806,3.981443422083552
B5_R7_C0,B5,5,4,7,0,LD17-10473F,20,9,E20_N09,west_last_pass,S_to_N,2025-10-23 09:53:34,9,0.565,0.565,False,,8,2.0093215328960956,0.2883172561629153,3.981443422083552
B5_R7_C1,B5,5,4,7,1,AG40XFF5,19,9,E19_N09,main,N_to_S,2025-10-23 09:43:18,473,0.18,0.18,False,,6,1.5069911496720718,0.16329479768786126,3.981443422083552
B5_R7_C2,B5,5,4,7,2,LD21-7234,18,9,E18_N09,main,S_to_N,2025-10-22 15:34:28,442,1.275,1.275,False,,14,3.5163126840730166,0.2861736334405145,3.9814434203796445
B5_R7_C3,B5,5,4,7,3,AG38XF6,17,9,E17_N09,main,N_to_S,2025-10-22 15:25:48,425,0.46,0.46,False,,10,2.511651917195012,0.2658092175777063,3.9814434203796445
B5_R7_C4,B5,5,4,7,4,LD21-5665,16,9,E16_N09,main,S_to_N,2025-10-22 15:12:09,394,0.16,0.16,False,,8,2.0093215333205343,0.32634622334658475,3.981443421242533
B6_R0_C0,B6,6,1,0,0,AG36XF4,15,16,E15_N16,main,N_to_S,2025-10-22 14:39:56,370,1.09,1.09,False,,15,3.7674778741801793,0.5471765546819156,3.981443422083552
B6_R0_C1,B6,6,1,0,1,LG3216,14,16,E14_N16,main,S_to_N,2025-10-22 14:31:18,353,0.905,0.905,False,,3,0.7534955748360359,0.16726361031518625,3.981443422083552
B6_R0_C2,B6,6,1,0,2,AG29XF4,13,16,E13_N16,main,N_to_S,2025-10-22 14:16:59,322,0.96,0.96,False,,5,1.2558259580600597,0.3390928725701944,3.981443422083552
B6_R0_C3,B6,6,1,0,3,LG3216,12,16,E12_N16,main,S_to_N,2025-10-22 14:08:58,305,1.14,1.14,False,,1,0.25116519161201195,0.09360485887817077,3.981443422083552
B6_R0_C4,B6,6,1,0,4,AG40XFF5,11,16,E11_N16,main,N_to_S,2025-10-22 13:54:28,274,1.245,1.245,False,,3,0.7534955748360359,0.17434798142193642,3.981443422083552
B6_R1_C0,B6,6,1,1,0,LG3216,15,15,E15_N15,main,N_to_S,2025-10-22 14:40:24,371,1.56,1.56,False,,9,2.260486725439368,0.22579492675955698,3.981443420443304
B6_R1_C1,B6,6,1,1,1,AG38XF6,14,15,E14_N15,main,S_to_N,2025-10-22 14:30:55,352,0.965,0.965,False,,10,2.5116519161201194,0.2535211267605634,3.981443422083552
B6_R1_C2,B6,6,1,1,2,LG3216,13,15,E13_N15,main,N_to_S,2025-10-22 14:17:24,323,0.91,0.91,False,,11,2.762817107687957,0.3769203286888174,3.9814434221472115
B6_R1_C3,B6,6,1,1,3,AG29XF5,12,15,E12_N15,main,S_to_N,2025-10-22 14:08:33,304,0.61,0.61,False,,9,2.260486724507735,0.4165773490532333,3.981443422084209
B6_R1_C4,B6,6,1,1,4,LG3216,11,15,E11_N15,main,N_to_S,2025-10-22 13:54:55,275,1.68,1.68,False,,14,3.5163126825119457,0.35128297795446334,3.981443422147211
B6_R2_C0,B6,6,1,2,0,AG34XF6,15,14,E15_N14,main,N_to_S,2025-10-22 14:40:52,372,1.585,1.585,False,,9,2.2604867254755105,0.3236994219653179,3.9814434203796445
B6_R2_C1,B6,6,1,2,1,LG3216,14,14,E14_N14,main,S_to_N,2025-10-22 14:30:30,351,0.925,0.925,False,,2,0.5023303832240239,0.046137339055793994,3.981443422083552
B6_R2_C2,B6,6,1,2,2,AG35XF5,13,14,E13_N14,main,N_to_S,2025-10-22 14:17:50,324,0.905,0.905,False,,3,0.7534955748360359,0.15155858115370835,3.981443422083552
B6_R2_C3,B6,6,1,2,3,LG3216,12,14,E12_N14,main,S_to_N,2025-10-22 14:08:06,303,0.885,0.885,False,,9,2.2604867245081075,0.3508708272859216,3.981443422083552
B6_R2_C4,B6,6,1,2,4,AG40XFF5,11,14,E11_N14,main,N_to_S,2025-10-22 13:55:24,276,1.73,1.73,False,,5,1.2558259580600597,0.20474137931034483,3.981443422083552
B6_R3_C0,B6,6,1,3,0,LG3216,15,13,E15_N13,main,N_to_S,2025-10-22 14:41:15,373,0.84,0.84,False,,7,1.7581563412840837,0.20773638968481375,3.981443422083552
B6_R3_C1,B6,6,1,3,1,AG35XF5,14,13,E14_N13,main,S_to_N,2025-10-22 14:30:05,350,1.405,1.405,False,,10,2.5116519160799613,0.28735632183908044,3.981443422147211
B6_R3_C2,B6,6,1,3,2,LG3216,13,13,E13_N13,main,N_to_S,2025-10-22 14:18:21,325,0.99,0.99,False,,7,1.7581563412840837,0.18096272167933405,3.981443422083552
B6_R3_C3,B6,6,1,3,3,AG36XF4,12,13,E12_N13,main,S_to_N,2025-10-22 14:07:43,302,1.2,1.2,False,,6,1.5069911496720718,0.2570194384449244,3.981443422083552
B6_R3_C4,B6,6,1,3,4,LG3216,11,13,E11_N13,main,N_to_S,2025-10-22 13:55:50,277,1.115,1.115,False,,4,1.0046607664480478,0.13757183908045978,3.981443422083552
B6_R4_C0,B6,6,1,4,0,AG29XF4,15,12,E15_N12,main,N_to_S,2025-10-22 14:41:42,374,1.365,1.365,False,,10,2.5116519161201194,0.3333333333333333,3.981443422083552
B6_R4_C1,B6,6,1,4,1,LG3216,14,12,E14_N12,main,S_to_N,2025-10-22 14:29:41,349,0.795,0.795,False,,8,2.0093215333205343,0.5304724125495853,3.981443421242533
B6_R4_C2,B6,6,1,4,2,AG29XF5,13,12,E13_N12,main,N_to_S,2025-10-22 14:18:47,326,1.185,1.185,False,,3,0.7534955748360359,0.06666666666666667,3.981443422083552
B6_R4_C3,B6,6,1,4,3,LG3216,12,12,E12_N12,main,S_to_N,2025-10-22 14:07:18,301,1.355,1.355,False,,2,0.5023303832240239,0.20958512160228898,3.981443422083552
B6_R4_C4,B6,6,1,4,4,AG38XF6,11,12,E11_N12,main,N_to_S,2025-10-22 13:56:17,278,1.14,1.14,False,,9,2.260486724471965,0.2804005722460658,3.9814434221472115
B6_R5_C0,B6,6,1,5,0,LG3216,15,11,E15_N11,main,N_to_S,2025-10-22 14:42:11,375,1.125,1.125,False,,18,4.520973449016215,0.48152134912091854,3.981443422083552
B6_R5_C1,B6,6,1,5,1,AG34XF6,14,11,E14_N11,main,S_to_N,2025-10-22 14:29:18,348,1.2,1.2,False,,8,2.0093215337560095,0.29884643114635906,3.9814434203796445
B6_R5_C2,B6,6,1,5,2,LG3216,13,11,E13_N11,main,N_to_S,2025-10-22 14:19:12,327,1.03,1.03,False,,4,1.0046607668780048,0.2361557699178278,3.9814434203796445
B6_R5_C3,B6,6,1,5,3,AG29XF5,12,11,E12_N11,main,S_to_N,2025-10-22 14:06:53,300,1.63,1.63,False,,6,1.5069911503170073,0.3054662379421222,3.9814434203796445
B6_R5_C4,B6,6,1,5,4,LG3216,11,11,E11_N11,main,N_to_S,2025-10-22 13:56:46,279,1.29,1.29,False,,3,0.7534955749952004,0.22290462427745664,3.981443421242533
B6_R6_C0,B6,6,1,6,0,AG35XF5,15,10,E15_N10,main,N_to_S,2025-10-22 14:42:34,376,1.035,1.035,False,,12,3.0139822992959533,0.502528901734104,3.981443422147211
B6_R6_C1,B6,6,1,6,1,LG3216,14,10,E14_N10,main,S_to_N,2025-10-22 14:28:53,347,0.87,0.87,False,,13,3.2651474923535155,0.36513040371561273,3.9814434203796445
B6_R6_C2,B6,6,1,6,2,AG36XF4,13,10,E13_N10,main,N_to_S,2025-10-22 14:19:47,328,0.84,0.84,False,,5,1.2558259585774265,0.19614147909967847,3.981443420443304
B6_R6_C3,B6,6,1,6,3,LG3216,12,10,E12_N10,main,S_to_N,2025-10-22 14:06:27,299,1.1,1.1,False,,6,1.5069911502929116,0.2239075478512098,3.9814434204433042
B6_R6_C4,B6,6,1,6,4,AG34XF6,11,10,E11_N10,main,N_to_S,2025-10-22 13:57:12,280,1.05,1.05,False,,7,1.7581563420365083,0.3294033583422651,3.9814434203796445
B6_R7_C0,B6,6,1,7,0,LG3216,15,9,E15_N09,main,N_to_S,2025-10-22 14:43:01,377,1.21,1.21,False,,5,1.2558259580600597,0.19685602000714542,3.981443422083552
B6_R7_C1,B6,6,1,7,1,AG38XF6,14,9,E14_N09,main,S_to_N,2025-10-22 14:28:28,346,0.91,0.91,False,,5,1.2558259580600597,0.21257591997141836,3.981443422083552
B6_R7_C2,B6,6,1,7,2,LG3216,13,9,E13_N09,main,N_to_S,2025-10-22 14:20:14,329,0.885,0.885,False,,12,3.0139822993441436,0.2925685425685426,3.981443422083552
B6_R7_C3,B6,6,1,7,3,AG40XFF5,12,9,E12_N09,main,S_to_N,2025-10-22 14:06:02,298,0.96,0.96,False,,2,0.5023303833301336,0.12960973863229502,3.981443421242533
B6_R7_C4,B6,6,1,7,4,LG3216,11,9,E11_N09,main,N_to_S,2025-10-22 13:57:41,281,1.24,1.24,False,,5,1.255825958597506,0.460021513087128,3.9814434203796445
B7_R0_C0,B7,7,2,0,0,LD20-4471,10,16,E10_N16,main,S_to_N,2025-10-22 12:15:25,257,0.88,0.88,False,,10,2.5116519161201194,0.4064074874010079,3.981443422083552
B7_R0_C1,B7,7,2,0,1,AG29XF5,9,16,E09_N16,main,N_to_S,2025-10-22 11:55:43,226,0.735,0.735,False,,13,3.2651474909561555,0.5023222579492675,3.981443422083552
B7_R0_C2,B7,7,2,0,2,LD20-4542,8,16,E08_N16,main,S_to_N,2025-10-22 11:46:29,209,0.705,0.705,False,,5,1.2558259580600597,0.18756698821007503,3.981443422083552
B7_R0_C3,B7,7,2,0,3,AG29XF4,7,16,E07_N16,main,N_to_S,2025-10-22 11:31:09,178,0.87,0.87,False,,10,2.5116519161201194,0.2437703141928494,3.981443422083552
B7_R0_C4,B7,7,2,0,4,LD20-5413,6,16,E06_N16,main,S_to_N,2025-10-22 11:20:20,161,1.245,1.245,False,,8,2.0093215337560095,0.2390139335476956,3.9814434203796445
B7_R1_C0,B7,7,2,1,0,AG29XF4,10,15,E10_N15,main,S_to_N,2025-10-22 12:14:58,256,1.405,1.405,False,,12,3.0139822993441436,0.3519113969274741,3.981443422083552
B7_R1_C1,B7,7,2,1,1,LD21-7234,9,15,E09_N15,main,N_to_S,2025-10-22 11:56:06,227,0.78,0.78,False,,12,3.0139822993441436,0.3115398356555913,3.981443422083552
B7_R1_C2,B7,7,2,1,2,AG29XF5,8,15,E08_N15,main,S_to_N,2025-10-22 11:46:00,208,1.305,1.305,False,,10,2.511651916079961,0.4194364161849711,3.9814434221472115
B7_R1_C3,B7,7,2,1,3,LD20-5738,7,15,E07_N15,main,N_to_S,2025-10-22 11:31:32,179,0.635,0.635,False,,14,3.5163126825119457,0.3259471050750536,3.981443422147211
B7_R1_C4,B7,7,2,1,4,AG29XF5,6,15,E06_N15,main,S_to_N,2025-10-22 11:19:54,160,1.79,1.79,False,,15,3.7674778741801793,0.49156799425905995,3.981443422083552
B7_R2_C0,B7,7,2,2,0,LD22-4283,10,14,E10_N14,main,S_to_N,2025-10-22 12:14:27,255,1.52,1.52,False,,9,2.2604867254755105,0.32344531808434596,3.9814434203796445
B7_R2_C1,B7,7,2,2,1,AG29XF4,9,14,E09_N14,main,N_to_S,2025-10-22 11:56:30,228,0.375,0.375,False,,9,2.2604867254755105,0.4102099927588704,3.9814434203796445
B7_R2_C2,B7,7,2,2,2,LD11-2170,8,14,E08_N14,main,S_to_N,2025-10-22 11:45:27,207,0.78,0.78,False,,10,2.511651916650668,0.4739863652673125,3.981443421242533
B7_R2_C3,B7,7,2,2,3,AG29XF4,7,14,E07_N14,main,N_to_S,2025-10-22 11:31:59,180,1.385,1.385,False,,11,2.7628171077321317,0.36314655172413796,3.981443422083552
B7_R2_C4,B7,7,2,2,4,LD21-5253,6,14,E06_N14,main,S_to_N,2025-10-22 11:19:21,159,1.62,1.62,False,,14,3.5163126825681674,0.44770177343467243,3.981443422083552
B7_R3_C0,B7,7,2,3,0,AG29XF5,10,13,E10_N13,main,S_to_N,2025-10-22 12:13:45,254,1.11,1.11,False,,10,2.511651917154853,0.41404270720231634,3.981443420443304
B7_R3_C1,B7,7,2,3,1,LD20-4988,9,13,E09_N13,main,N_to_S,2025-10-22 11:56:55,229,0.9,0.9,False,,15,3.767477875732279,0.404247660187185,3.9814434204433042
B7_R3_C2,B7,7,2,3,2,AG29XF4,8,13,E08_N13,main,S_to_N,2025-10-22 11:45:04,206,1.115,1.115,False,,12,3.0139823006340145,0.3900862068965517,3.9814434203796445
B7_R3_C3,B7,7,2,3,3,LD22-4283,7,13,E07_N13,main,N_to_S,2025-10-22 11:32:24,181,0.675,0.675,False,,10,2.511651917195012,0.4246031746031746,3.9814434203796445
B7_R3_C4,B7,7,2,3,4,AG29XF5,6,13,E06_N13,main,S_to_N,2025-10-22 11:18:50,158,2.025,2.025,False,,8,2.0093215328960956,0.46654676258992805,3.981443422083552
B7_R4_C0,B7,7,2,4,0,LD20-4542,10,12,E10_N12,main,S_to_N,2025-10-22 12:13:08,253,1.075,1.075,False,,14,3.516312683310935,0.3719754423979776,3.981443421242533
B7_R4_C1,B7,7,2,4,1,AG29XF4,9,12,E09_N12,main,N_to_S,2025-10-22 11:57:30,230,1.165,1.165,False,,8,2.0093215337560095,0.2992831541218638,3.9814434203796445
B7_R4_C2,B7,7,2,4,2,LD11-2170,8,12,E08_N12,main,S_to_N,2025-10-22 11:44:34,205,0.865,0.865,False,,9,2.2604867254755105,0.4237106017191977,3.9814434203796445
B7_R4_C3,B7,7,2,4,3,AG29XF5,7,12,E07_N12,main,N_to_S,2025-10-22 11:32:50,182,1.005,1.005,False,,2,0.5023303834390024,0.042177361211247294,3.9814434203796445
B7_R4_C4,B7,7,2,4,4,LD20-5413,6,12,E06_N12,main,S_to_N,2025-10-22 11:18:23,157,1.545,1.545,False,,13,3.2651474909561555,0.4423008217220436,3.981443422083552
B7_R5_C0,B7,7,2,5,0,AG29XF5,10,11,E10_N11,main,S_to_N,2025-10-22 12:12:44,252,1.495,1.495,False,,9,2.2604867245081075,0.24151482672382993,3.981443422083552
B7_R5_C1,B7,7,2,5,1,LD20-4988,9,11,E09_N11,main,N_to_S,2025-10-22 11:57:55,231,0.74,0.74,False,,11,2.7628171077321317,0.24580207216863165,3.981443422083552
B7_R5_C2,B7,7,2,5,2,AG29XF4,8,11,E08_N11,main,S_to_N,2025-10-22 11:44:04,204,0.755,0.755,False,,7,1.7581563412840837,0.4949421965317919,3.981443422083552
B7_R5_C3,B7,7,2,5,3,LD21-5253,7,11,E07_N11,main,N_to_S,2025-10-22 11:33:12,183,0.62,0.62,False,,10,2.511651916650668,0.5062522329403358,3.981443421242533
B7_R5_C4,B7,7,2,5,4,AG29XF5,6,11,E06_N11,main,S_to_N,2025-10-22 11:17:55,156,2.02,2.02,False,,5,1.2558259580600597,0.2686673812075741,3.981443422083552
B7_R6_C0,B7,7,2,6,0,LD20-5738,10,10,E10_N10,main,S_to_N,2025-10-22 12:12:13,251,0.865,0.865,False,,11,2.7628171077321317,0.3707142857142857,3.981443422083552
B7_R6_C1,B7,7,2,6,1,AG29XF4,9,10,E09_N10,main,N_to_S,2025-10-22 11:58:25,232,1.76,1.76,False,,7,1.7581563412840837,0.44689306358381503,3.981443422083552
B7_R6_C2,B7,7,2,6,2,LD20-4471,8,10,E08_N10,main,S_to_N,2025-10-22 11:43:33,203,1.065,1.065,False,,9,2.260486724471965,0.29260450160771706,3.9814434221472115
B7_R6_C3,B7,7,2,6,3,AG29XF5,7,10,E07_N10,main,N_to_S,2025-10-22 11:33:36,184,1.05,1.05,False,,7,1.7581563412559729,0.3461950696677385,3.981443422147211
B7_R6_C4,B7,7,2,6,4,LD21-7234,6,10,E06_N10,main,S_to_N,2025-10-22 11:17:29,155,1.44,1.44,False,,5,1.2558259583052542,0.3063583815028902,3.981443421306193
B7_R7_C0,B7,7,2,7,0,AG29XF4,10,9,E10_N09,main,S_to_N,2025-10-22 12:11:43,250,0.965,0.965,False,,6,1.5069911496720718,0.08297258297258298,3.981443422083552
B7_R7_C1,B7,7,2,7,1,LD11-2170,9,9,E09_N09,main,N_to_S,2025-10-22 11:58:57,233,0.645,0.645,False,,9,2.2604867245081075,0.27662616154395997,3.981443422083552
B7_R7_C2,B7,7,2,7,2,AG29XF5,8,9,E08_N09,main,S_to_N,2025-10-22 11:43:07,202,0.77,0.77,False,,16,4.018643065792191,0.36601073345259394,3.981443422083552
B7_R7_C3,B7,7,2,7,3,LD20-5413,7,9,E07_N09,main,N_to_S,2025-10-22 11:33:59,185,0.66,0.66,False,,9,2.2604867245081075,0.4098124098124098,3.981443422083552
B7_R7_C4,B7,7,2,7,4,AG29XF4,6,9,E06_N09,main,S_to_N,2025-10-22 11:17:04,154,1.825,1.825,False,,3,0.7534955751585036,0.19574621485219898,3.9814434203796445
B8_R0_C0,B8,8,3,0,0,LD17-10473L,5,16,E05_N16,main,N_to_S,2025-10-22 11:05:11,130,1.1,1.1,False,,7,1.7581563420365083,0.21900678813862093,3.9814434203796445
B8_R0_C1,B8,8,3,0,1,LG3216,4,16,E04_N16,main,S_to_N,2025-10-22 10:56:14,113,0.965,0.965,False,,2,0.5023303834390024,0.36475261827374506,3.9814434203796445
B8_R0_C2,B8,8,3,0,2,LD20-4988,3,16,E03_N16,main,N_to_S,2025-10-22 10:39:29,82,1.15,1.15,False,,5,1.255825958325334,0.24687388352983208,3.981443421242533
B8_R0_C3,B8,8,3,0,3,LG3216,2,16,E02_N16,main,S_to_N,2025-10-22 10:29:42,65,1.41,1.41,False,,6,1.5069911496720718,0.23937120400142908,3.981443422083552
B8_R0_C4,B8,8,3,0,4,LD20-5738,1,16,E01_N16,main,N_to_S,2025-10-22 10:07:17,34,1.33,1.33,False,,3,0.7534955748360359,0.27890173410404623,3.981443422083552
B8_R1_C0,B8,8,3,1,0,LG3216,5,15,E05_N15,main,N_to_S,2025-10-22 11:05:39,131,1.135,1.135,False,,5,1.255825958597506,0.07478323699421965,3.9814434203796445
B8_R1_C1,B8,8,3,1,1,LD19-10076,4,15,E04_N15,main,S_to_N,2025-10-22 10:55:43,112,1.42,1.42,False,,7,1.7581563420365083,0.1396927474097892,3.9814434203796445
B8_R1_C2,B8,8,3,1,2,LG3216,3,15,E03_N15,main,N_to_S,2025-10-22 10:39:57,83,1.89,1.89,False,,4,1.0046607668619412,0.2522329403358342,3.981443420443304
B8_R1_C3,B8,8,3,1,3,LD20-11748,2,15,E02_N15,main,S_to_N,2025-10-22 10:29:08,64,1.135,1.135,False,,3,0.7534955748360359,0.07979688066739209,3.981443422083552
B8_R1_C4,B8,8,3,1,4,LG3216,1,15,E01_N15,main,N_to_S,2025-10-22 10:07:56,35,1.58,1.58,False,,1,0.25116519161201195,0.036637931034482756,3.981443422083552
B8_R2_C0,B8,8,3,2,0,LD21-5991,5,14,E05_N14,main,N_to_S,2025-10-22 11:06:07,132,1.27,1.27,False,,4,1.0046607664480478,0.158968850698174,3.981443422083552
B8_R2_C1,B8,8,3,2,1,LG3216,4,14,E04_N14,main,S_to_N,2025-10-22 10:54:59,111,1.2,1.2,False,,8,2.0093215333205343,0.17682926829268292,3.981443421242533
B8_R2_C2,B8,8,3,2,2,LD21-5253,3,14,E03_N14,main,N_to_S,2025-10-22 10:40:29,84,1.245,1.245,False,,5,1.255825958597506,0.26167209554831705,3.9814434203796445
B8_R2_C3,B8,8,3,2,3,LG3216,2,14,E02_N14,main,S_to_N,2025-10-22 10:28:26,63,1.01,1.01,False,,5,1.2558259580600597,0.11123110151187905,3.981443422083552
B8_R2_C4,B8,8,3,2,4,LD17-10473F,1,14,E01_N14,main,N_to_S,2025-10-22 10:09:11,36,1.33,1.33,False,,1,0.25116519161201195,0.023706896551724137,3.981443422083552
B8_R3_C0,B8,8,3,3,0,LG3216,5,13,E05_N13,main,N_to_S,2025-10-22 11:06:32,133,1.305,1.305,False,,4,1.0046607664319844,0.31788793103448276,3.9814434221472115
B8_R3_C1,B8,8,3,3,1,LD21-3090,4,13,E04_N13,main,S_to_N,2025-10-22 10:54:28,110,1.255,1.255,False,,6,1.5069911496479766,0.12626262626262627,3.981443422147211
B8_R3_C2,B8,8,3,3,2,LG3216,3,13,E03_N13,main,N_to_S,2025-10-22 10:40:53,85,0.97,0.97,False,,4,1.0046607664480478,0.2163235825207656,3.981443422083552
B8_R3_C3,B8,8,3,3,3,LD21-5665,2,13,E02_N13,main,S_to_N,2025-10-22 10:27:50,62,1.145,1.145,False,,15,3.7674778741199417,0.3774597495527728,3.981443422147211
B8_R3_C4,B8,8,3,3,4,LG3216,1,13,E01_N13,main,N_to_S,2025-10-22 10:10:26,37,1.525,1.525,False,,8,2.0093215328960956,0.15736766809728184,3.981443422083552
B8_R4_C0,B8,8,3,4,0,LD20-4471,5,12,E05_N12,main,N_to_S,2025-10-22 11:06:56,134,1.27,1.27,False,,3,0.7534955748360359,0.1037329504666188,3.981443422083552
B8_R4_C1,B8,8,3,4,1,LG3216,4,12,E04_N12,main,S_to_N,2025-10-22 10:54:00,109,0.735,0.735,False,,6,1.5069911496720718,0.2592057761732852,3.981443422083552
B8_R4_C2,B8,8,3,4,2,LD20-4542,3,12,E03_N12,main,N_to_S,2025-10-22 10:41:20,86,1.16,1.16,False,,4,1.0046607664480478,0.23222579492675954,3.981443422083552
B8_R4_C3,B8,8,3,4,3,LG3216,2,12,E02_N12,main,S_to_N,2025-10-22 10:27:15,61,0.98,0.98,False,,10,2.511651917195012,0.26402286530903896,3.9814434203796445
B8_R4_C4,B8,8,3,4,4,LD21-5944,1,12,E01_N12,main,N_to_S,2025-10-22 10:11:02,38,0.86,0.86,False,,11,2.7628171083157347,0.30527456647398843,3.981443421242533
B8_R5_C0,B8,8,3,5,0,LG3216,5,11,E05_N11,main,N_to_S,2025-10-22 11:07:22,135,0.93,0.93,False,,2,0.5023303832240239,0.20917630057803469,3.981443422083552
B8_R5_C1,B8,8,3,5,1,LD20-5413,4,11,E04_N11,main,S_to_N,2025-10-22 10:53:23,108,1.485,1.485,False,,2,0.5023303832240239,0.27152554483744196,3.981443422083552
B8_R5_C2,B8,8,3,5,2,LG3216,3,11,E03_N11,main,N_to_S,2025-10-22 10:41:45,87,1.805,1.805,False,,13,3.2651474909561555,0.4340836012861736,3.981443422083552
B8_R5_C3,B8,8,3,5,3,LD11-2170,2,11,E02_N11,main,S_to_N,2025-10-22 10:26:35,60,1.265,1.265,False,,9,2.2604867254755105,0.19111271676300579,3.9814434203796445
B8_R5_C4,B8,8,3,5,4,LG3216,1,11,E01_N11,main,N_to_S,2025-10-22 10:11:47,39,1.33,1.33,False,,8,2.0093215337560095,0.17399071096820293,3.9814434203796445
B8_R6_C0,B8,8,3,6,0,LD22-4283,5,10,E05_N10,main,N_to_S,2025-10-22 11:07:48,136,1.125,1.125,False,,6,1.5069911496720718,0.2436584494462308,3.981443422083552
B8_R6_C1,B8,8,3,6,1,LG3216,4,10,E04_N10,main,S_to_N,2025-10-22 10:52:52,107,1.23,1.23,False,,3,0.7534955748360359,0.05680600214362272,3.981443422083552
B8_R6_C2,B8,8,3,6,2,LD21-7234,3,10,E03_N10,main,N_to_S,2025-10-22 10:42:17,88,1.43,1.43,False,,15,3.7674778741199413,0.4264069264069264,3.9814434221472115
B8_R6_C3,B8,8,3,6,3,LG3216,2,10,E02_N10,main,S_to_N,2025-10-22 10:25:45,59,1.325,1.325,False,,5,1.255825958325334,0.0898353614889048,3.981443421242533
B8_R6_C4,B8,8,3,6,4,LD19-10244,1,10,E01_N10,main,N_to_S,2025-10-22 10:12:29,40,1.27,1.27,False,,5,1.2558259585774265,0.1917562724014337,3.981443420443304
B8_R7_C0,B8,8,3,7,0,LG3216,5,9,E05_N09,main,N_to_S,2025-10-22 11:08:10,137,0.435,0.435,False,,4,1.0046607664480478,0.37227581279028227,3.981443422083552
B8_R7_C1,B8,8,3,7,1,LD07-3395bf,4,9,E04_N09,main,S_to_N,2025-10-22 10:52:22,106,0.975,0.975,False,,6,1.5069911496720718,0.20122390208783297,3.981443422083552
B8_R7_C2,B8,8,3,7,2,LG3216,3,9,E03_N09,main,N_to_S,2025-10-22 10:42:48,89,1.105,1.105,False,,8,2.0093215328960956,0.34388489208633094,3.981443422083552
B8_R7_C3,B8,8,3,7,3,LD00-2817P,2,9,E02_N09,main,S_to_N,2025-10-22 10:25:08,58,1.23,1.23,False,,2,0.5023303832240239,0.05064655172413793,3.981443422083552
B8_R7_C4,B8,8,3,7,4,LG3216,1,9,E01_N09,main,N_to_S,2025-10-22 10:13:24,41,1.705,1.705,False,,2,0.5023303832240239,0.09726224783861671,3.981443422083552
B9_R0_C0,B9,9,3,0,0,LD20-11748,20,8,E20_N08,west_last_pass,S_to_N,2025-10-23 09:53:08,8,0.96,0.96,False,,8,2.0093215328960956,0.16955266955266957,3.981443422083552
B9_R0_C1,B9,9,3,0,1,LG3216,19,8,E19_N08,main,N_to_S,2025-10-23 09:43:52,474,0.69,0.69,False,,10,2.5116519161201194,0.19621157969978556,3.981443422083552
B9_R0_C2,B9,9,3,0,2,LD20-4542,18,8,E18_N08,main,S_to_N,2025-10-22 15:34:05,441,0.945,0.945,False,,5,1.255825958597506,0.16146393972012918,3.9814434203796445
B9_R0_C3,B9,9,3,0,3,LG3216,17,8,E17_N08,main,N_to_S,2025-10-22 15:26:16,426,0.785,0.785,False,,9,2.2604867254755105,0.4232020238525479,3.9814434203796445
B9_R0_C4,B9,9,3,0,4,LD21-3090,16,8,E16_N08,main,S_to_N,2025-10-22 15:11:42,393,0.58,0.58,False,,9,2.2604867254755105,0.4178082191780822,3.9814434203796445
B9_R1_C0,B9,9,3,1,0,LG3216,20,7,E20_N07,west_last_pass,S_to_N,2025-10-23 09:52:44,7,1.53,1.53,False,,13,3.2651474909561555,0.29060136838314726,3.981443422083552
B9_R1_C1,B9,9,3,1,1,LD20-5413,19,7,E19_N07,main,N_to_S,2025-10-23 09:44:29,475,0.58,0.58,False,,11,2.762817107687957,0.2848419540229885,3.9814434221472115
B9_R1_C2,B9,9,3,1,2,LG3216,18,7,E18_N07,main,S_to_N,2025-10-22 15:33:43,440,1.07,1.07,False,,13,3.2651474909561555,0.2935878962536023,3.981443422083552
B9_R1_C3,B9,9,3,1,3,LD21-5944,17,7,E17_N07,main,N_to_S,2025-10-22 15:26:41,427,0.73,0.73,False,,12,3.0139822999808015,0.31790235081374324,3.981443421242533
B9_R1_C4,B9,9,3,1,4,LG3216,16,7,E16_N07,main,S_to_N,2025-10-22 15:11:14,392,0.2,0.2,False,,5,1.2558259585774265,0.3101470060953747,3.981443420443304
B9_R2_C0,B9,9,3,2,0,LD21-5991,20,6,E20_N06,west_last_pass,S_to_N,2025-10-23 09:52:16,6,0.87,0.87,False,,16,4.018643065792191,0.3239942528735632,3.981443422083552
B9_R2_C1,B9,9,3,2,1,LG3216,19,6,E19_N06,main,N_to_S,2025-10-23 09:45:05,476,1.025,1.025,False,,13,3.2651474909561555,0.32219827586206895,3.981443422083552
B9_R2_C2,B9,9,3,2,2,LD00-2817P,18,6,E18_N06,main,S_to_N,2025-10-22 15:33:19,439,1.39,1.39,False,,11,2.7628171077321317,0.40693892302132273,3.981443422083552
B9_R2_C3,B9,9,3,2,3,LG3216,17,6,E17_N06,main,N_to_S,2025-10-22 15:27:07,428,0.925,0.925,False,,4,1.0046607664480478,0.06895319757056091,3.981443422083552
B9_R2_C4,B9,9,3,2,4,LD22-4283,16,6,E16_N06,main,S_to_N,2025-10-22 15:10:48,391,1.02,1.02,False,,1,0.25116519161201195,0.07324044301536263,3.981443422083552
B9_R3_C0,B9,9,3,3,0,LG3216,20,5,E20_N05,west_last_pass,S_to_N,2025-10-23 09:51:46,5,1.015,1.015,False,,13,3.2651474923535155,0.4855098389982111,3.9814434203796445
B9_R3_C1,B9,9,3,3,1,LD17-10473F,19,5,E19_N05,main,N_to_S,2025-10-23 09:45:34,477,1.155,1.155,False,,9,2.260486724985601,0.34284682080924855,3.981443421242533
B9_R3_C2,B9,9,3,3,2,LG3216,18,5,E18_N05,main,S_to_N,2025-10-22 15:32:53,438,1.37,1.37,False,,6,1.5069911496479766,0.18756698821007503,3.981443422147211
B9_R3_C3,B9,9,3,3,3,LD19-10076,17,5,E17_N05,main,N_to_S,2025-10-22 15:27:33,429,0.685,0.685,False,,10,2.5116519161201194,0.30903894247945696,3.981443422083552
B9_R3_C4,B9,9,3,3,4,LG3216,16,5,E16_N05,main,S_to_N,2025-10-22 15:10:24,390,1.26,1.26,False,,7,1.7581563412840837,0.23157514450867053,3.981443422083552
B9_R4_C0,B9,9,3,4,0,LD11-2170,20,4,E20_N04,west_last_pass,S_to_N,2025-10-23 09:51:21,4,1.56,1.56,False,,1,0.2511651917195012,0.07695086705202313,3.9814434203796445
B9_R4_C1,B9,9,3,4,1,LG3216,19,4,E19_N04,main,N_to_S,2025-10-23 09:46:03,478,1.165,1.165,False,,3,0.7534955751585036,0.15291175419792782,3.9814434203796445
B9_R4_C2,B9,9,3,4,2,LD21-7234,18,4,E18_N04,main,S_to_N,2025-10-22 15:32:26,437,1.615,1.615,False,,8,2.0093215328960956,0.2522329403358342,3.981443422083552
B9_R4_C3,B9,9,3,4,3,LG3216,17,4,E17_N04,main,N_to_S,2025-10-22 15:27:57,430,1.19,1.19,False,,4,1.0046607664480478,0.17038904899135446,3.981443422083552
B9_R4_C4,B9,9,3,4,4,LD21-5253,16,4,E16_N04,main,S_to_N,2025-10-22 15:10:01,389,0.68,0.68,False,,6,1.5069911496720718,0.3235504652827487,3.981443422083552
B9_R5_C0,B9,9,3,5,0,LG3216,20,3,E20_N03,west_last_pass,S_to_N,2025-10-23 09:50:55,3,1.39,1.39,False,,4,1.0046607666602672,0.16893342877594847,3.981443421242533
B9_R5_C1,B9,9,3,5,1,LD07-3395bf,19,3,E19_N03,main,N_to_S,2025-10-23 09:46:33,479,0.69,0.69,False,,3,0.7534955751585036,0.28867452661664883,3.9814434203796445
B9_R5_C2,B9,9,3,5,2,LG3216,18,3,E18_N03,main,S_to_N,2025-10-22 15:32:01,436,1.175,1.175,False,,9,2.2604867245081075,0.33620999640417115,3.981443422083552
B9_R5_C3,B9,9,3,5,3,LD20-5738,17,3,E17_N03,main,N_to_S,2025-10-22 15:28:20,431,0.92,0.92,False,,6,1.5069911496720718,0.23207207207207206,3.981443422083552
B9_R5_C4,B9,9,3,5,4,LG3216,16,3,E16_N03,main,S_to_N,2025-10-22 15:09:31,388,1.08,1.08,False,,4,1.0046607664480478,0.2521551724137931,3.981443422083552
B9_R6_C0,B9,9,3,6,0,LD20-4471,20,2,E20_N02,west_last_pass,S_to_N,2025-10-23 09:50:27,2,0.865,0.865,False,,5,1.2558259580399804,0.34311270125223614,3.9814434221472115
B9_R6_C1,B9,9,3,6,1,LG3216,19,2,E19_N02,main,N_to_S,2025-10-23 09:46:58,480,0.7,0.7,False,,1,0.2511651916079961,0.02800718132854578,3.981443422147211
B9_R6_C2,B9,9,3,6,2,LD19-10244,18,2,E18_N02,main,S_to_N,2025-10-22 15:31:32,435,1.29,1.29,False,,7,1.7581563412840837,0.22419413256066642,3.981443422083552
B9_R6_C3,B9,9,3,6,3,LG3216,17,2,E17_N02,main,N_to_S,2025-10-22 15:28:46,432,1.31,1.31,False,,9,2.260486724471965,0.4188218390804598,3.9814434221472115
B9_R6_C4,B9,9,3,6,4,LD17-10473L,16,2,E16_N02,main,S_to_N,2025-10-22 15:09:04,387,0.595,0.595,False,,3,0.7534955748239883,0.3487787356321839,3.981443422147211
B9_R7_C0,B9,9,3,7,0,LG3216,20,1,E20_N01,west_last_pass,S_to_N,2025-10-23 09:49:57,1,0.42,0.42,False,,11,2.7628171077321317,0.2848419540229885,3.981443422083552
B9_R7_C1,B9,9,3,7,1,LD20-4988,19,1,E19_N01,main,N_to_S,2025-10-23 09:47:26,481,1.66,1.66,False,,10,2.5116519161201194,0.3129992737835875,3.981443422083552
B9_R7_C2,B9,9,3,7,2,LG3216,18,1,E18_N01,main,S_to_N,2025-10-22 15:31:03,434,0.81,0.81,False,,10,2.511651917195012,0.2181557229996412,3.9814434203796445
B9_R7_C3,B9,9,3,7,3,LD21-5665,17,1,E17_N01,main,N_to_S,2025-10-22 15:29:14,433,1.075,1.075,False,,11,2.762817108914513,0.4462750716332378,3.9814434203796445
B9_R7_C4,B9,9,3,7,4,LG3216,16,1,E16_N01,main,S_to_N,2025-10-22 15:08:38,386,0.48,0.48,False,,10,2.511651916650668,0.308637513552584,3.981443421242533
B10_R0_C0,B10,10,4,0,0,AG36XF4,15,8,E15_N08,main,N_to_S,2025-10-22 14:44:51,378,0.54,0.54,False,,6,1.5069911496720718,0.21078956770275098,3.981443422083552
B10_R0_C1,B10,10,4,0,1,LD21-7234,14,8,E14_N08,main,S_to_N,2025-10-22 14:28:02,345,1.235,1.235,False,,4,1.0046607664480478,0.22346570397111915,3.981443422083552
B10_R0_C2,B10,10,4,0,2,AG38XF6,13,8,E13_N08,main,N_to_S,2025-10-22 14:20:38,330,0.02,0.02,False,,12,3.0139822993441436,0.3038932948810382,3.981443422083552
B10_R0_C3,B10,10,4,0,3,LD21-5944,12,8,E12_N08,main,S_to_N,2025-10-22 14:05:38,297,1.39,1.39,False,,12,3.0139822993441436,0.41487068965517243,3.981443422083552
B10_R0_C4,B10,10,4,0,4,AG35XF5,11,8,E11_N08,main,N_to_S,2025-10-22 13:58:09,282,1.09,1.09,False,,7,1.7581563412840837,0.29430835734870314,3.981443422083552
B10_R1_C0,B10,10,4,1,0,LD21-3090,15,7,E15_N07,main,N_to_S,2025-10-22 14:45:15,379,1.665,1.665,False,,4,1.0046607668780048,0.3061959654178674,3.9814434203796445
B10_R1_C1,B10,10,4,1,1,AG34XF6,14,7,E14_N07,main,S_to_N,2025-10-22 14:27:37,344,0.885,0.885,False,,5,1.2558259580600597,0.36491862567811933,3.981443422083552
B10_R1_C2,B10,10,4,1,2,LD20-11748,13,7,E13_N07,main,N_to_S,2025-10-22 14:21:03,331,0.325,0.325,False,,9,2.2604867245081075,0.336566091954023,3.981443422083552
B10_R1_C3,B10,10,4,1,3,AG40XFF5,12,7,E12_N07,main,S_to_N,2025-10-22 14:05:11,296,0.945,0.945,False,,6,1.5069911496479764,0.14311334289813488,3.9814434221472115
B10_R1_C4,B10,10,4,1,4,LD21-5665,11,7,E11_N07,main,N_to_S,2025-10-22 13:58:37,283,1.27,1.27,False,,6,1.5069911496718231,0.21446654611211574,3.981443422084209
B10_R2_C0,B10,10,4,2,0,AG38XF6,15,6,E15_N06,main,N_to_S,2025-10-22 14:45:41,380,1.375,1.375,False,,13,3.2651474923535155,0.22714078374455732,3.9814434203796445
B10_R2_C1,B10,10,4,2,1,LD07-3395bf,14,6,E14_N06,main,S_to_N,2025-10-22 14:27:10,343,1.475,1.475,False,,5,1.2558259580600597,0.3341681574239714,3.981443422083552
B10_R2_C2,B10,10,4,2,2,AG36XF4,13,6,E13_N06,main,N_to_S,2025-10-22 14:21:24,332,0.5,0.5,False,,6,1.5069911496720718,0.3904966059306895,3.981443422083552
B10_R2_C3,B10,10,4,2,3,LD21-5253,12,6,E12_N06,main,S_to_N,2025-10-22 14:04:46,295,1.625,1.625,False,,3,0.7534955748360359,0.3412784398699892,3.981443422083552
B10_R2_C4,B10,10,4,2,4,AG34XF6,11,6,E11_N06,main,N_to_S,2025-10-22 13:59:04,284,1.045,1.045,False,,8,2.0093215328960956,0.2826009289031797,3.981443422083552
B10_R3_C0,B10,10,4,3,0,LD17-10473F,15,5,E15_N05,main,N_to_S,2025-10-22 14:46:04,381,1.03,1.03,False,,4,1.0046607664480478,0.13933547695605572,3.981443422083552
B10_R3_C1,B10,10,4,3,1,AG40XFF5,14,5,E14_N05,main,S_to_N,2025-10-22 14:26:43,342,1.205,1.205,False,,6,1.5069911496479764,0.21043229724901752,3.9814434221472115
B10_R3_C2,B10,10,4,3,2,LD21-5253,13,5,E13_N05,main,N_to_S,2025-10-22 14:21:50,333,0.705,0.705,False,,4,1.0046607664319844,0.25758670520231214,3.981443422147211
B10_R3_C3,B10,10,4,3,3,AG35XF5,12,5,E12_N05,main,S_to_N,2025-10-22 14:04:21,294,0.825,0.825,False,,7,1.7581563412840837,0.21757770632368703,3.981443422083552
B10_R3_C4,B10,10,4,3,4,LD21-5944,11,5,E11_N05,main,N_to_S,2025-10-22 13:59:31,285,0.595,0.595,False,,6,1.5069911496720718,0.25794926759556985,3.981443422083552
B10_R4_C0,B10,10,4,4,0,AG38XF6,15,4,E15_N04,main,N_to_S,2025-10-22 14:46:27,382,1.57,1.57,False,,3,0.7534955748360359,0.17327617006073598,3.981443422083552
B10_R4_C1,B10,10,4,4,1,LD21-3090,14,4,E14_N04,main,S_to_N,2025-10-22 14:26:12,341,0.615,0.615,False,,5,1.255825958325334,0.30871757925072046,3.981443421242533
B10_R4_C2,B10,10,4,4,2,AG35XF5,13,4,E13_N04,main,N_to_S,2025-10-22 14:22:15,334,0.835,0.835,False,,7,1.7581563412840837,0.2465998568360773,3.981443422083552
B10_R4_C3,B10,10,4,4,3,LD21-7234,12,4,E12_N04,main,S_to_N,2025-10-22 14:03:56,293,0.8,0.8,False,,5,1.2558259580600597,0.20471596998928188,3.981443422083552
B10_R4_C4,B10,10,4,4,4,AG34XF6,11,4,E11_N04,main,N_to_S,2025-10-22 13:59:58,286,0.9,0.9,False,,3,0.7534955748360359,0.1433704635285663,3.981443422083552
B10_R5_C0,B10,10,4,5,0,LD20-11748,15,3,E15_N03,main,N_to_S,2025-10-22 14:46:52,383,1.14,1.14,False,,9,2.2604867245081075,0.3059245960502693,3.981443422083552
B10_R5_C1,B10,10,4,5,1,AG36XF4,14,3,E14_N03,main,S_to_N,2025-10-22 14:25:47,340,1.27,1.27,False,,4,1.0046607668780048,0.2405609492988134,3.9814434203796445
B10_R5_C2,B10,10,4,5,2,LD17-10473F,13,3,E13_N03,main,N_to_S,2025-10-22 14:22:42,335,1.19,1.19,False,,11,2.762817108914513,0.31362007168458783,3.9814434203796445
B10_R5_C3,B10,10,4,5,3,AG40XFF5,12,3,E12_N03,main,S_to_N,2025-10-22 14:03:30,292,0.43,0.43,False,,6,1.5069911503170073,0.35899280575539566,3.9814434203796445
B10_R5_C4,B10,10,4,5,4,LD07-3395bf,11,3,E11_N03,main,N_to_S,2025-10-22 14:00:18,287,0.225,0.225,False,,2,0.5023303833301336,0.13871785584932994,3.981443421242533
B10_R6_C0,B10,10,4,6,0,AG35XF5,15,2,E15_N02,main,N_to_S,2025-10-22 14:47:15,384,0.935,0.935,False,,8,2.009321532863969,0.20484104046242774,3.9814434221472115
B10_R6_C1,B10,10,4,6,1,LD21-5665,14,2,E14_N02,main,S_to_N,2025-10-22 14:25:21,339,1.32,1.32,False,,7,1.7581563420365083,0.34985632183908044,3.9814434203796445
B10_R6_C2,B10,10,4,6,2,AG34XF6,13,2,E13_N02,main,N_to_S,2025-10-22 14:23:09,336,0.685,0.685,False,,8,2.0093215337560095,0.2988505747126437,3.9814434203796445
B10_R6_C3,B10,10,4,6,3,LD21-5944,12,2,E12_N02,main,S_to_N,2025-10-22 14:03:09,291,0.635,0.635,False,,5,1.2558259585774265,0.48002904865649965,3.981443420443304
B10_R6_C4,B10,10,4,6,4,AG38XF6,11,2,E11_N02,main,N_to_S,2025-10-22 14:00:43,288,0.635,0.635,False,,2,0.5023303834309706,0.41220825852782766,3.9814434204433042
B10_R7_C0,B10,10,4,7,0,LD21-5665,15,1,E15_N01,main,N_to_S,2025-10-22 14:47:39,385,1.21,1.21,False,,4,1.0046607664480478,0.5919540229885057,3.981443422083552
B10_R7_C1,B10,10,4,7,1,AG36XF4,14,1,E14_N01,main,S_to_N,2025-10-22 14:24:58,338,0.575,0.575,False,,8,2.0093215328960956,0.44795405599425697,3.981443422083552
B10_R7_C2,B10,10,4,7,2,LD21-7234,13,1,E13_N01,main,N_to_S,2025-10-22 14:23:35,337,0.685,0.685,False,,8,2.0093215328960956,0.4639623324882289,3.981443422083552
B10_R7_C3,B10,10,4,7,3,AG40XFF5,12,1,E12_N01,main,S_to_N,2025-10-22 14:02:39,290,0.68,0.68,False,,4,1.0046607666602672,0.4057919199141938,3.981443421242533
B10_R7_C4,B10,10,4,7,4,LD20-11748,11,1,E11_N01,main,N_to_S,2025-10-22 14:01:06,289,0.77,0.77,False,,7,1.7581563420365083,0.21936405859235442,3.9814434203796445
B11_R0_C0,B11,11,1,0,0,AG35XF5,10,8,E10_N08,main,S_to_N,2025-10-22 12:11:14,249,0.93,0.93,False,,11,2.7628171076879573,0.4748020158387329,3.981443422147211
B11_R0_C1,B11,11,1,0,1,LG3216,9,8,E09_N08,main,N_to_S,2025-10-22 11:59:26,234,1.085,1.085,False,,14,3.5163126825681674,0.41271551724137934,3.981443422083552
B11_R0_C2,B11,11,1,0,2,AG34XF6,8,8,E08_N08,main,S_to_N,2025-10-22 11:42:31,201,0.565,0.565,False,,15,3.7674778741801793,0.3368155619596542,3.981443422083552
B11_R0_C3,B11,11,1,0,3,LG3216,7,8,E07_N08,main,N_to_S,2025-10-22 11:34:27,186,0.34,0.34,False,,16,4.018643065792191,0.3992766726943942,3.981443422083552
B11_R0_C4,B11,11,1,0,4,AG36XF4,6,8,E06_N08,main,S_to_N,2025-10-22 11:16:37,153,1.2,1.2,False,,8,2.0093215337560095,0.22560975609756098,3.9814434203796445
B11_R1_C0,B11,11,1,1,0,LG3216,10,7,E10_N07,main,S_to_N,2025-10-22 12:10:44,248,1.225,1.225,False,,8,2.0093215328960956,0.28951149425287354,3.981443422083552
B11_R1_C1,B11,11,1,1,1,AG40XFF5,9,7,E09_N07,main,N_to_S,2025-10-22 11:59:50,235,0.9,0.9,False,,6,1.5069911496720718,0.18893678160919541,3.981443422083552
B11_R1_C2,B11,11,1,1,2,LG3216,8,7,E08_N07,main,S_to_N,2025-10-22 11:42:07,200,1.08,1.08,False,,13,3.2651474909561555,0.35266400869880393,3.981443422083552
B11_R1_C3,B11,11,1,1,3,AG29XF5,7,7,E07_N07,main,N_to_S,2025-10-22 11:34:53,187,0.495,0.495,False,,5,1.2558259580399804,0.17758682420336555,3.9814434221472115
B11_R1_C4,B11,11,1,1,4,LG3216,6,7,E06_N07,main,S_to_N,2025-10-22 11:16:10,152,1.225,1.225,False,,7,1.7581563412840837,0.19685602000714542,3.981443422083552
B11_R2_C0,B11,11,1,2,0,AG38XF6,10,6,E10_N06,main,S_to_N,2025-10-22 12:10:16,247,1.11,1.11,False,,13,3.2651474923535155,0.35683607730851824,3.9814434203796445
B11_R2_C1,B11,11,1,2,1,LG3216,9,6,E09_N06,main,N_to_S,2025-10-22 12:00:18,236,0.775,0.775,False,,2,0.5023303833301336,0.08092485549132948,3.981443421242533
B11_R2_C2,B11,11,1,2,2,AG29XF4,8,6,E08_N06,main,S_to_N,2025-10-22 11:41:37,199,0.885,0.885,False,,6,1.5069911496720718,0.20971775634155054,3.981443422083552
B11_R2_C3,B11,11,1,2,3,LG3216,7,6,E07_N06,main,N_to_S,2025-10-22 11:35:16,188,0.39,0.39,False,,3,0.7534955748360359,0.1879242586638085,3.981443422083552
B11_R2_C4,B11,11,1,2,4,AG38XF6,6,6,E06_N06,main,S_to_N,2025-10-22 11:15:44,151,1.295,1.295,False,,9,2.2604867245081075,0.2745664739884393,3.981443422083552
B11_R3_C0,B11,11,1,3,0,LG3216,10,5,E10_N05,main,S_to_N,2025-10-22 12:09:43,246,0.13,0.13,False,,10,2.511651917195012,0.2658959537572254,3.9814434203796445
B11_R3_C1,B11,11,1,3,1,AG29XF4,9,5,E09_N05,main,N_to_S,2025-10-22 12:00:49,237,0.795,0.795,False,,7,1.7581563420083972,0.1561271882815291,3.981443420443304
B11_R3_C2,B11,11,1,3,2,LG3216,8,5,E08_N05,main,S_to_N,2025-10-22 11:40:59,198,0.7,0.7,False,,8,2.0093215337238823,0.21579135405501965,3.9814434204433042
B11_R3_C3,B11,11,1,3,3,AG40XFF5,7,5,E07_N05,main,N_to_S,2025-10-22 11:35:40,189,0.54,0.54,False,,8,2.0093215337560095,0.20353025936599423,3.9814434203796445
B11_R3_C4,B11,11,1,3,4,LG3216,6,5,E06_N05,main,S_to_N,2025-10-22 11:15:16,150,1.185,1.185,False,,5,1.2558259580399806,0.19040801717967074,3.981443422147211
B11_R4_C0,B11,11,1,4,0,AG34XF6,10,4,E10_N04,main,S_to_N,2025-10-22 12:09:22,245,0.72,0.72,False,,8,2.0093215333205343,0.3185397279885469,3.981443421242533
B11_R4_C1,B11,11,1,4,1,LG3216,9,4,E09_N04,main,N_to_S,2025-10-22 12:04:11,238,1.39,1.39,False,,4,1.0046607668780048,0.13469096105752054,3.9814434203796445
B11_R4_C2,B11,11,1,4,2,AG35XF5,8,4,E08_N04,main,S_to_N,2025-10-22 11:40:32,197,0.575,0.575,False,,5,1.255825958597506,0.15691202872531418,3.9814434203796445
B11_R4_C3,B11,11,1,4,3,LG3216,7,4,E07_N04,main,N_to_S,2025-10-22 11:36:03,190,0.53,0.53,False,,10,2.511651917195012,0.38375853395616244,3.9814434203796445
B11_R4_C4,B11,11,1,4,4,AG29XF5,6,4,E06_N04,main,S_to_N,2025-10-22 11:14:50,149,1.17,1.17,False,,2,0.5023303832240239,0.13244795405599424,3.981443422083552
B11_R5_C0,B11,11,1,5,0,LG3216,10,3,E10_N03,main,S_to_N,2025-10-22 12:08:57,244,0.25,0.25,False,,6,1.5069911496720718,0.1688125894134478,3.981443422083552
B11_R5_C1,B11,11,1,5,1,AG36XF4,9,3,E09_N03,main,N_to_S,2025-10-22 12:04:44,239,1.16,1.16,False,,3,0.7534955748360359,0.23537854323645496,3.981443422083552
B11_R5_C2,B11,11,1,5,2,LG3216,8,3,E08_N03,main,S_to_N,2025-10-22 11:40:06,196,0.91,0.91,False,,8,2.0093215328960956,0.21208830980817953,3.981443422083552
B11_R5_C3,B11,11,1,5,3,AG29XF5,7,3,E07_N03,main,N_to_S,2025-10-22 11:36:27,191,0.39,0.39,False,,13,3.2651474916458683,0.5341235632183908,3.981443421242533
B11_R5_C4,B11,11,1,5,4,LG3216,6,3,E06_N03,main,S_to_N,2025-10-22 11:14:25,148,1.47,1.47,False,,6,1.5069911496720718,0.24317528735632185,3.981443422083552
B11_R6_C0,B11,11,1,6,0,AG29XF4,10,2,E10_N02,main,S_to_N,2025-10-22 12:08:32,243,0.4,0.4,False,,10,2.5116519161201194,0.3541666666666667,3.981443422083552
B11_R6_C1,B11,11,1,6,1,LG3216,9,2,E09_N02,main,N_to_S,2025-10-22 12:05:19,240,0.785,0.785,False,,8,2.0093215328960956,0.24909222948438633,3.981443422083552
B11_R6_C2,B11,11,1,6,2,AG36XF4,8,2,E08_N02,main,S_to_N,2025-10-22 11:39:38,195,0.76,0.76,False,,5,1.2558259580600597,0.14260057471264367,3.981443422083552
B11_R6_C3,B11,11,1,6,3,LG3216,7,2,E07_N02,main,N_to_S,2025-10-22 11:36:59,192,1.055,1.055,False,,10,2.511651916079961,0.3024425287356322,3.9814434221472115
B11_R6_C4,B11,11,1,6,4,AG40XFF5,6,2,E06_N02,main,S_to_N,2025-10-22 11:13:58,147,1.185,1.185,False,,10,2.511651916650668,0.32827187274041936,3.981443421242533
B11_R7_C0,B11,11,1,7,0,LG3216,10,1,E10_N01,main,S_to_N,2025-10-22 12:08:08,242,0.64,0.64,False,,9,2.2604867245081075,0.2656987295825771,3.981443422083552
B11_R7_C1,B11,11,1,7,1,AG34XF6,9,1,E09_N01,main,N_to_S,2025-10-22 12:06:04,241,1.115,1.115,False,,9,2.2604867245081075,0.3041920458616983,3.981443422083552
B11_R7_C2,B11,11,1,7,2,LG3216,8,1,E08_N01,main,S_to_N,2025-10-22 11:39:09,194,0.36,0.36,False,,6,1.5069911496720718,0.28898426323319026,3.981443422083552
B11_R7_C3,B11,11,1,7,3,AG38XF6,7,1,E07_N01,main,N_to_S,2025-10-22 11:37:52,193,0.89,0.89,False,,5,1.2558259580600597,0.18513172140021653,3.981443422083552
B11_R7_C4,B11,11,1,7,4,LG3216,6,1,E06_N01,main,S_to_N,2025-10-22 11:13:32,146,1.09,1.09,False,,5,1.255825958597506,0.13504823151125403,3.9814434203796445
B12_R0_C0,B12,12,2,0,0,LD11-2170,5,8,E05_N08,main,N_to_S,2025-10-22 11:08:33,138,0.56,0.56,False,,6,1.5069911502929116,0.2903458213256484,3.9814434204433042
B12_R0_C1,B12,12,2,0,1,AG29XF5,4,8,E04_N08,main,S_to_N,2025-10-22 10:51:52,105,0.885,0.885,False,,5,1.255825958597506,0.22278481012658227,3.9814434203796445
B12_R0_C2,B12,12,2,0,2,LD21-5253,3,8,E03_N08,main,N_to_S,2025-10-22 10:43:14,90,0.57,0.57,False,,6,1.5069911499904007,0.30064655172413796,3.981443421242533
B12_R0_C3,B12,12,2,0,3,AG29XF4,2,8,E02_N08,main,S_to_N,2025-10-22 10:24:37,57,1.51,1.51,False,,5,1.2558259580399806,0.08324363114459993,3.981443422147211
B12_R0_C4,B12,12,2,0,4,LD20-5413,1,8,E01_N08,main,N_to_S,2025-10-22 10:14:01,42,1.205,1.205,False,,5,1.2558259580600597,0.15593342981186686,3.981443422083552
B12_R1_C0,B12,12,2,1,0,AG29XF5,5,7,E05_N07,main,N_to_S,2025-10-22 11:08:58,139,0.405,0.405,False,,8,2.0093215337560095,0.10849056603773585,3.9814434203796445
B12_R1_C1,B12,12,2,1,1,LD21-7234,4,7,E04_N07,main,S_to_N,2025-10-22 10:51:24,104,0.565,0.565,False,,2,0.5023303834390024,0.13957660566917832,3.9814434203796445
B12_R1_C2,B12,12,2,1,2,AG29XF4,3,7,E03_N07,main,N_to_S,2025-10-22 10:43:42,91,0.975,0.975,False,,6,1.5069911503170073,0.18911174785100288,3.9814434203796445
B12_R1_C3,B12,12,2,1,3,LD20-4988,2,7,E02_N07,main,S_to_N,2025-10-22 10:24:01,56,0.625,0.625,False,,5,1.2558259580600597,0.085621387283237,3.981443422083552
B12_R1_C4,B12,12,2,1,4,AG29XF4,1,7,E01_N07,main,N_to_S,2025-10-22 10:14:40,43,1.185,1.185,False,,6,1.5069911496720718,0.20435869953554842,3.981443422083552
B12_R2_C0,B12,12,2,2,0,LD20-5738,5,6,E05_N06,main,N_to_S,2025-10-22 11:09:22,140,0.215,0.215,False,,5,1.2558259580600597,0.1390278770550393,3.981443422083552
B12_R2_C1,B12,12,2,2,1,AG29XF5,4,6,E04_N06,main,S_to_N,2025-10-22 10:50:59,103,0.91,0.91,False,,3,0.7534955749952004,0.12075741336191496,3.981443421242533
B12_R2_C2,B12,12,2,2,2,LD20-4542,3,6,E03_N06,main,N_to_S,2025-10-22 10:44:11,92,0.845,0.845,False,,9,2.2604867254755105,0.20989884393063585,3.9814434203796445
B12_R2_C3,B12,12,2,2,3,AG29XF5,2,6,E02_N06,main,S_to_N,2025-10-22 10:23:33,55,0.815,0.815,False,,8,2.0093215328960956,0.263308324401572,3.981443422083552
B12_R2_C4,B12,12,2,2,4,LD22-4283,1,6,E01_N06,main,N_to_S,2025-10-22 10:15:20,44,0.99,0.99,False,,6,1.5069911496720718,0.14612361557699177,3.981443422083552
B12_R3_C0,B12,12,2,3,0,AG29XF4,5,5,E05_N05,main,N_to_S,2025-10-22 11:09:53,141,0.95,0.95,False,,11,2.7628171077321317,0.16720257234726688,3.981443422083552
B12_R3_C1,B12,12,2,3,1,LD20-4471,4,5,E04_N05,main,S_to_N,2025-10-22 10:50:27,102,0.96,0.96,False,,4,1.0046607664319844,0.23811239193083575,3.9814434221472115
B12_R3_C2,B12,12,2,3,2,AG29XF5,3,5,E03_N05,main,N_to_S,2025-10-22 10:44:40,93,1.305,1.305,False,,9,2.260486724471965,0.25053686471009307,3.981443422147211
B12_R3_C3,B12,12,2,3,3,LD20-4542,2,5,E02_N05,main,S_to_N,2025-10-22 10:23:05,54,0.54,0.54,False,,2,0.5023303832159922,0.052161486245087534,3.9814434221472115
B12_R3_C4,B12,12,2,3,4,AG29XF4,1,5,E01_N05,main,N_to_S,2025-10-22 10:16:56,45,1.21,1.21,False,,8,2.009321532863969,0.19360632183908047,3.981443422147211
B12_R4_C0,B12,12,2,4,0,LD22-4283,5,4,E05_N04,main,N_to_S,2025-10-22 11:10:25,142,0.46,0.46,False,,3,0.7534955748360359,0.07935368043087972,3.981443422083552
B12_R4_C1,B12,12,2,4,1,AG29XF5,4,4,E04_N04,main,S_to_N,2025-10-22 10:49:56,101,0.93,0.93,False,,7,1.7581563412840837,0.1741472172351885,3.981443422083552
B12_R4_C2,B12,12,2,4,2,LD20-4988,3,4,E03_N04,main,N_to_S,2025-10-22 10:45:10,94,1.095,1.095,False,,11,2.7628171077321317,0.23865666309396213,3.981443422083552
B12_R4_C3,B12,12,2,4,3,AG29XF4,2,4,E02_N04,main,S_to_N,2025-10-22 10:22:36,53,0.7,0.7,False,,8,2.0093215337560095,0.14737598849748382,3.9814434203796445
B12_R4_C4,B12,12,2,4,4,LD20-4471,1,4,E01_N04,main,N_to_S,2025-10-22 10:17:30,46,0.775,0.775,False,,9,2.260486724985601,0.1593625498007968,3.981443421242533
B12_R5_C0,B12,12,2,5,0,AG29XF4,5,3,E05_N03,main,N_to_S,2025-10-22 11:10:49,143,0.59,0.59,False,,5,1.2558259580600597,0.1773203322499097,3.981443422083552
B12_R5_C1,B12,12,2,5,1,LD20-5413,4,3,E04_N03,main,S_to_N,2025-10-22 10:49:27,100,0.45,0.45,False,,2,0.5023303832240239,0.06458557588805167,3.981443422083552
B12_R5_C2,B12,12,2,5,2,AG29XF5,3,3,E03_N03,main,N_to_S,2025-10-22 10:45:43,95,1.15,1.15,False,,8,2.0093215328960956,0.2252155172413793,3.981443422083552
B12_R5_C3,B12,12,2,5,3,LD21-7234,2,3,E02_N03,main,S_to_N,2025-10-22 10:22:05,52,0.4,0.4,False,,14,3.5163126840730166,0.3638344226579521,3.9814434203796445
B12_R5_C4,B12,12,2,5,4,AG29XF4,1,3,E01_N03,main,N_to_S,2025-10-22 10:18:11,47,0.845,0.845,False,,4,1.0046607668780048,0.09482758620689655,3.9814434203796445
B12_R6_C0,B12,12,2,6,0,LD20-5738,5,2,E05_N02,main,N_to_S,2025-10-22 11:11:11,144,0.355,0.355,False,,4,1.0046607664480478,0.1221264367816092,3.981443422083552
B12_R6_C1,B12,12,2,6,1,AG29XF5,4,2,E04_N02,main,S_to_N,2025-10-22 10:48:54,99,0.535,0.535,False,,7,1.7581563412840837,0.2180316091954023,3.981443422083552
B12_R6_C2,B12,12,2,6,2,LD21-5253,3,2,E03_N02,main,N_to_S,2025-10-22 10:46:12,96,1.01,1.01,False,,10,2.5116519161201194,0.24074074074074073,3.981443422083552
B12_R6_C3,B12,12,2,6,3,AG29XF5,2,2,E02_N02,main,S_to_N,2025-10-22 10:21:37,51,0.745,0.745,False,,8,2.0093215333205343,0.4241773962804006,3.981443421242533
B12_R6_C4,B12,12,2,6,4,LD11-2170,1,2,E01_N02,main,N_to_S,2025-10-22 10:18:54,48,0.875,0.875,False,,8,2.0093215337560095,0.19185423365487675,3.9814434203796445
B12_R7_C0,B12,12,2,7,0,AG29XF4,5,1,E05_N01,main,N_to_S,2025-10-22 11:11:56,145,1.08,1.08,False,,3,0.7534955748360359,0.1064516129032258,3.981443422083552
B12_R7_C1,B12,12,2,7,1,LD20-4542,4,1,E04_N01,main,S_to_N,2025-10-22 10:48:26,98,0.435,0.435,False,,6,1.5069911496720718,0.19443440549331406,3.981443422083552
B12_R7_C2,B12,12,2,7,2,AG29XF4,3,1,E03_N01,main,N_to_S,2025-10-22 10:46:40,97,1.27,1.27,False,,12,3.0139822993441436,0.22901036084315826,3.981443422083552
B12_R7_C3,B12,12,2,7,3,LD20-4471,2,1,E02_N01,main,S_to_N,2025-10-22 10:20:58,50,0.115,0.115,False,,8,2.0093215328960956,0.13147552697391926,3.981443422083552
B12_R7_C4,B12,12,2,7,4,AG29XF5,1,1,E01_N01,main,N_to_S,2025-10-22 10:19:36,49,1.775,1.775,False,,1,0.25116519161201195,0.16762589928057553,3.981443422083552
