Row,Col,Label,X_start,Y_start,X_stop,Y_stop,Block,BlockNum,PlotID,Design,HarvestEW,HarvestNS,FieldPosition
0,0,AG34XF6,9.5,10.0,16.34,18.0,B1,1,B1_R0_C0,1,20,24,E20_N24
0,1,LG3216,16.34,10.0,23.18,18.0,B1,1,B1_R0_C1,1,19,24,E19_N24
0,2,AG35XF5,23.17,10.0,30.01,18.0,B1,1,B1_R0_C2,1,18,24,E18_N24
0,3,LG3216,30.01,10.0,36.85,18.0,B1,1,B1_R0_C3,1,17,24,E17_N24
0,4,AG36XF4,36.85,10.0,43.69,18.0,B1,1,B1_R0_C4,1,16,24,E16_N24
1,0,LG3216,9.5,20.0,16.34,28.0,B1,1,B1_R1_C0,1,20,23,E20_N23
1,1,AG29XF5,16.34,20.0,23.18,28.0,B1,1,B1_R1_C1,1,19,23,E19_N23
1,2,LG3216,23.17,20.0,30.01,28.0,B1,1,B1_R1_C2,1,18,23,E18_N23
1,3,AG29XF4,30.01,20.0,36.85,28.0,B1,1,B1_R1_C3,1,17,23,E17_N23
1,4,LG3216,36.85,20.0,43.69,28.0,B1,1,B1_R1_C4,1,16,23,E16_N23
2,0,AG40XFF5,9.5,30.0,16.34,38.0,B1,1,B1_R2_C0,1,20,22,E20_N22
2,1,LG3216,16.34,30.0,23.18,38.0,B1,1,B1_R2_C1,1,19,22,E19_N22
2,2,AG38XF6,23.17,30.0,30.01,38.0,B1,1,B1_R2_C2,1,18,22,E18_N22
2,3,LG3216,30.01,30.0,36.85,38.0,B1,1,B1_R2_C3,1,17,22,E17_N22
2,4,AG36XF4,36.85,30.0,43.69,38.0,B1,1,B1_R2_C4,1,16,22,E16_N22
3,0,LG3216,9.5,40.0,16.34,48.0,B1,1,B1_R3_C0,1,20,21,E20_N21
3,1,AG38XF6,16.34,40.0,23.18,48.0,B1,1,B1_R3_C1,1,19,21,E19_N21
3,2,LG3216,23.17,40.0,30.01,48.0,B1,1,B1_R3_C2,1,18,21,E18_N21
3,3,AG29XF5,30.01,40.0,36.85,48.0,B1,1,B1_R3_C3,1,17,21,E17_N21
3,4,LG3216,36.85,40.0,43.69,48.0,B1,1,B1_R3_C4,1,16,21,E16_N21
4,0,AG29XF4,9.5,50.0,16.34,58.0,B1,1,B1_R4_C0,1,20,20,E20_N20
4,1,LG3216,16.34,50.0,23.18,58.0,B1,1,B1_R4_C1,1,19,20,E19_N20
4,2,AG34XF6,23.17,50.0,30.01,58.0,B1,1,B1_R4_C2,1,18,20,E18_N20
4,3,LG3216,30.01,50.0,36.85,58.0,B1,1,B1_R4_C3,1,17,20,E17_N20
4,4,AG40XFF5,36.85,50.0,43.69,58.0,B1,1,B1_R4_C4,1,16,20,E16_N20
5,0,LG3216,9.5,60.0,16.34,68.0,B1,1,B1_R5_C0,1,20,19,E20_N19
5,1,AG35XF5,16.34,60.0,23.18,68.0,B1,1,B1_R5_C1,1,19,19,E19_N19
5,2,LG3216,23.17,60.0,30.01,68.0,B1,1,B1_R5_C2,1,18,19,E18_N19
5,3,AG36XF4,30.01,60.0,36.85,68.0,B1,1,B1_R5_C3,1,17,19,E17_N19
5,4,LG3216,36.85,60.0,43.69,68.0,B1,1,B1_R5_C4,1,16,19,E16_N19
6,0,AG35XF5,9.5,70.0,16.34,78.0,B1,1,B1_R6_C0,1,20,18,E20_N18
6,1,LG3216,16.34,70.0,23.18,78.0,B1,1,B1_R6_C1,1,19,18,E19_N18
6,2,AG34XF6,23.17,70.0,30.01,78.0,B1,1,B1_R6_C2,1,18,18,E18_N18
6,3,LG3216,30.01,70.0,36.85,78.0,B1,1,B1_R6_C3,1,17,18,E17_N18
6,4,AG29XF5,36.85,70.0,43.69,78.0,B1,1,B1_R6_C4,1,16,18,E16_N18
7,0,LG3216,9.5,80.0,16.34,88.0,B1,1,B1_R7_C0,1,20,17,E20_N17
7,1,AG40XFF5,16.34,80.0,23.18,88.0,B1,1,B1_R7_C1,1,19,17,E19_N17
7,2,LG3216,23.17,80.0,30.01,88.0,B1,1,B1_R7_C2,1,18,17,E18_N17
7,3,AG38XF6,30.01,80.0,36.85,88.0,B1,1,B1_R7_C3,1,17,17,E17_N17
7,4,LG3216,36.85,80.0,43.69,88.0,B1,1,B1_R7_C4,1,16,17,E16_N17
0,0,LD20-4542,44.94,10.0,51.78,18.0,B2,2,B2_R0_C0,2,15,24,E15_N24
0,1,AG29XF5,51.77,10.0,58.61,18.0,B2,2,B2_R0_C1,2,14,24,E14_N24
0,2,LD11-2170,58.61,10.0,65.45,18.0,B2,2,B2_R0_C2,2,13,24,E13_N24
0,3,AG29XF4,65.45,10.0,72.29,18.0,B2,2,B2_R0_C3,2,12,24,E12_N24
0,4,LD20-4471,72.29,10.0,79.13,18.0,B2,2,B2_R0_C4,2,11,24,E11_N24
1,0,AG29XF4,44.94,20.0,51.78,28.0,B2,2,B2_R1_C0,2,15,23,E15_N23
1,1,LD20-5413,51.77,20.0,58.61,28.0,B2,2,B2_R1_C1,2,14,23,E14_N23
1,2,AG29XF5,58.61,20.0,65.45,28.0,B2,2,B2_R1_C2,2,13,23,E13_N23
1,3,LD22-4283,65.45,20.0,72.29,28.0,B2,2,B2_R1_C3,2,12,23,E12_N23
1,4,AG29XF5,72.29,20.0,79.13,28.0,B2,2,B2_R1_C4,2,11,23,E11_N23
2,0,LD20-5738,44.94,30.0,51.78,38.0,B2,2,B2_R2_C0,2,15,22,E15_N22
2,1,AG29XF4,51.77,30.0,58.61,38.0,B2,2,B2_R2_C1,2,14,22,E14_N22
2,2,LD21-5253,58.61,30.0,65.45,38.0,B2,2,B2_R2_C2,2,13,22,E13_N22
2,3,AG29XF4,65.45,30.0,72.29,38.0,B2,2,B2_R2_C3,2,12,22,E12_N22
2,4,LD20-4988,72.29,30.0,79.13,38.0,B2,2,B2_R2_C4,2,11,22,E11_N22
3,0,AG29XF5,44.94,40.0,51.78,48.0,B2,2,B2_R3_C0,2,15,21,E15_N21
3,1,LD21-7234,51.77,40.0,58.61,48.0,B2,2,B2_R3_C1,2,14,21,E14_N21
3,2,AG29XF4,58.61,40.0,65.45,48.0,B2,2,B2_R3_C2,2,13,21,E13_N21
3,3,LD20-4471,65.45,40.0,72.29,48.0,B2,2,B2_R3_C3,2,12,21,E12_N21
3,4,AG29XF5,72.29,40.0,79.13,48.0,B2,2,B2_R3_C4,2,11,21,E11_N21
4,0,LD11-2170,44.94,50.0,51.78,58.0,B2,2,B2_R4_C0,2,15,20,E15_N20
4,1,AG29XF5,51.77,50.0,58.61,58.0,B2,2,B2_R4_C1,2,14,20,E14_N20
4,2,LD20-5738,58.61,50.0,65.45,58.0,B2,2,B2_R4_C2,2,13,20,E13_N20
4,3,AG29XF4,65.45,50.0,72.29,58.0,B2,2,B2_R4_C3,2,12,20,E12_N20
4,4,LD20-4542,72.29,50.0,79.13,58.0,B2,2,B2_R4_C4,2,11,20,E11_N20
5,0,AG29XF4,44.94,60.0,51.78,68.0,B2,2,B2_R5_C0,2,15,19,E15_N19
5,1,LD20-4988,51.77,60.0,58.61,68.0,B2,2,B2_R5_C1,2,14,19,E14_N19
5,2,AG29XF5,58.61,60.0,65.45,68.0,B2,2,B2_R5_C2,2,13,19,E13_N19
5,3,LD22-4283,65.45,60.0,72.29,68.0,B2,2,B2_R5_C3,2,12,19,E12_N19
5,4,AG29XF4,72.29,60.0,79.13,68.0,B2,2,B2_R5_C4,2,11,19,E11_N19
6,0,LD20-5413,44.94,70.0,51.78,78.0,B2,2,B2_R6_C0,2,15,18,E15_N18
6,1,AG29XF5,51.77,70.0,58.61,78.0,B2,2,B2_R6_C1,2,14,18,E14_N18
6,2,LD21-5253,58.61,70.0,65.45,78.0,B2,2,B2_R6_C2,2,13,18,E13_N18
6,3,AG29XF5,65.45,70.0,72.29,78.0,B2,2,B2_R6_C3,2,12,18,E12_N18
6,4,LD21-7234,72.29,70.0,79.13,78.0,B2,2,B2_R6_C4,2,11,18,E11_N18
7,0,AG29XF4,44.94,80.0,51.78,88.0,B2,2,B2_R7_C0,2,15,17,E15_N17
7,1,LD20-5738,51.77,80.0,58.61,88.0,B2,2,B2_R7_C1,2,14,17,E14_N17
7,2,AG29XF5,58.61,80.0,65.45,88.0,B2,2,B2_R7_C2,2,13,17,E13_N17
7,3,LD20-4471,65.45,80.0,72.29,88.0,B2,2,B2_R7_C3,2,12,17,E12_N17
7,4,AG29XF4,72.29,80.0,79.13,88.0,B2,2,B2_R7_C4,2,11,17,E11_N17
0,0,LD21-5944,80.37,10.0,87.21,18.0,B3,3,B3_R0_C0,3,10,24,E10_N24
0,1,LG3216,87.21,10.0,94.05,18.0,B3,3,B3_R0_C1,3,9,24,E09_N24
0,2,LD11-2170,94.05,10.0,100.89,18.0,B3,3,B3_R0_C2,3,8,24,E08_N24
0,3,LG3216,100.89,10.0,107.73,18.0,B3,3,B3_R0_C3,3,7,24,E07_N24
0,4,LD20-11748,107.72,10.0,114.56,18.0,B3,3,B3_R0_C4,3,6,24,E06_N24
1,0,LG3216,80.37,20.0,87.21,28.0,B3,3,B3_R1_C0,3,10,23,E10_N23
1,1,LD22-4283,87.21,20.0,94.05,28.0,B3,3,B3_R1_C1,3,9,23,E09_N23
1,2,LG3216,94.05,20.0,100.89,28.0,B3,3,B3_R1_C2,3,8,23,E08_N23
1,3,LD17-10473F,100.89,20.0,107.73,28.0,B3,3,B3_R1_C3,3,7,23,E07_N23
1,4,LG3216,107.72,20.0,114.56,28.0,B3,3,B3_R1_C4,3,6,23,E06_N23
2,0,LD20-4542,80.37,30.0,87.21,38.0,B3,3,B3_R2_C0,3,10,22,E10_N22
2,1,LG3216,87.21,30.0,94.05,38.0,B3,3,B3_R2_C1,3,9,22,E09_N22
2,2,LD21-3090,94.05,30.0,100.89,38.0,B3,3,B3_R2_C2,3,8,22,E08_N22
2,3,LG3216,100.89,30.0,107.73,38.0,B3,3,B3_R2_C3,3,7,22,E07_N22
2,4,LD00-2817P,107.72,30.0,114.56,38.0,B3,3,B3_R2_C4,3,6,22,E06_N22
3,0,LG3216,80.37,40.0,87.21,48.0,B3,3,B3_R3_C0,3,10,21,E10_N21
3,1,LD21-5253,87.21,40.0,94.05,48.0,B3,3,B3_R3_C1,3,9,21,E09_N21
3,2,LG3216,94.05,40.0,100.89,48.0,B3,3,B3_R3_C2,3,8,21,E08_N21
3,3,LD07-3395bf,100.89,40.0,107.73,48.0,B3,3,B3_R3_C3,3,7,21,E07_N21
3,4,LG3216,107.72,40.0,114.56,48.0,B3,3,B3_R3_C4,3,6,21,E06_N21
4,0,LD20-5738,80.37,50.0,87.21,58.0,B3,3,B3_R4_C0,3,10,20,E10_N20
4,1,LG3216,87.21,50.0,94.05,58.0,B3,3,B3_R4_C1,3,9,20,E09_N20
4,2,LD20-4471,94.05,50.0,100.89,58.0,B3,3,B3_R4_C2,3,8,20,E08_N20
4,3,LG3216,100.89,50.0,107.73,58.0,B3,3,B3_R4_C3,3,7,20,E07_N20
4,4,LD20-4988,107.72,50.0,114.56,58.0,B3,3,B3_R4_C4,3,6,20,E06_N20
5,0,LG3216,80.37,60.0,87.21,68.0,B3,3,B3_R5_C0,3,10,19,E10_N19
5,1,LD21-7234,87.21,60.0,94.05,68.0,B3,3,B3_R5_C1,3,9,19,E09_N19
5,2,LG3216,94.05,60.0,100.89,68.0,B3,3,B3_R5_C2,3,8,19,E08_N19
5,3,LD21-5665,100.89,60.0,107.73,68.0,B3,3,B3_R5_C3,3,7,19,E07_N19
5,4,LG3216,107.72,60.0,114.56,68.0,B3,3,B3_R5_C4,3,6,19,E06_N19
6,0,LD19-10244,80.37,70.0,87.21,78.0,B3,3,B3_R6_C0,3,10,18,E10_N18
6,1,LG3216,87.21,70.0,94.05,78.0,B3,3,B3_R6_C1,3,9,18,E09_N18
6,2,LD19-10076,94.05,70.0,100.89,78.0,B3,3,B3_R6_C2,3,8,18,E08_N18
6,3,LG3216,100.89,70.0,107.73,78.0,B3,3,B3_R6_C3,3,7,18,E07_N18
6,4,LD21-5991,107.72,70.0,114.56,78.0,B3,3,B3_R6_C4,3,6,18,E06_N18
7,0,LG3216,80.37,80.0,87.21,88.0,B3,3,B3_R7_C0,3,10,17,E10_N17
7,1,LD17-10473L,87.21,80.0,94.05,88.0,B3,3,B3_R7_C1,3,9,17,E09_N17
7,2,LG3216,94.05,80.0,100.89,88.0,B3,3,B3_R7_C2,3,8,17,E08_N17
7,3,LD20-5413,100.89,80.0,107.73,88.0,B3,3,B3_R7_C3,3,7,17,E07_N17
7,4,LG3216,107.72,80.0,114.56,88.0,B3,3,B3_R7_C4,3,6,17,E06_N17
0,0,AG34XF6,115.81,10.0,122.65,18.0,B4,4,B4_R0_C0,4,5,24,E05_N24
0,1,LD17-10473F,122.65,10.0,129.49,18.0,B4,4,B4_R0_C1,4,4,24,E04_N24
0,2,AG35XF5,129.49,10.0,136.33,18.0,B4,4,B4_R0_C2,4,3,24,E03_N24
0,3,LD21-3090,136.32,10.0,143.16,18.0,B4,4,B4_R0_C3,4,2,24,E02_N24
0,4,AG40XFF5,143.16,10.0,150.0,18.0,B4,4,B4_R0_C4,4,1,24,E01_N24
1,0,LD21-7234,115.81,20.0,122.65,28.0,B4,4,B4_R1_C0,4,5,23,E05_N23
1,1,AG36XF4,122.65,20.0,129.49,28.0,B4,4,B4_R1_C1,4,4,23,E04_N23
1,2,LD21-5665,129.49,20.0,136.33,28.0,B4,4,B4_R1_C2,4,3,23,E03_N23
1,3,AG38XF6,136.32,20.0,143.16,28.0,B4,4,B4_R1_C3,4,2,23,E02_N23
1,4,LD21-5253,143.16,20.0,150.0,28.0,B4,4,B4_R1_C4,4,1,23,E01_N23
2,0,AG34XF6,115.81,30.0,122.65,38.0,B4,4,B4_R2_C0,4,5,22,E05_N22
2,1,LD07-3395bf,122.65,30.0,129.49,38.0,B4,4,B4_R2_C1,4,4,22,E04_N22
2,2,AG38XF6,129.49,30.0,136.33,38.0,B4,4,B4_R2_C2,4,3,22,E03_N22
2,3,LD20-11748,136.32,30.0,143.16,38.0,B4,4,B4_R2_C3,4,2,22,E02_N22
2,4,AG35XF5,143.16,30.0,150.0,38.0,B4,4,B4_R2_C4,4,1,22,E01_N22
3,0,LD21-5944,115.81,40.0,122.65,48.0,B4,4,B4_R3_C0,4,5,21,E05_N21
3,1,AG36XF4,122.65,40.0,129.49,48.0,B4,4,B4_R3_C1,4,4,21,E04_N21
3,2,LD17-10473F,129.49,40.0,136.33,48.0,B4,4,B4_R3_C2,4,3,21,E03_N21
3,3,AG40XFF5,136.32,40.0,143.16,48.0,B4,4,B4_R3_C3,4,2,21,E02_N21
3,4,LD21-5944,143.16,40.0,150.0,48.0,B4,4,B4_R3_C4,4,1,21,E01_N21
4,0,AG40XFF5,115.81,50.0,122.65,58.0,B4,4,B4_R4_C0,4,5,20,E05_N20
4,1,LD21-5665,122.65,50.0,129.49,58.0,B4,4,B4_R4_C1,4,4,20,E04_N20
4,2,AG36XF4,129.49,50.0,136.33,58.0,B4,4,B4_R4_C2,4,3,20,E03_N20
4,3,LD21-7234,136.32,50.0,143.16,58.0,B4,4,B4_R4_C3,4,2,20,E02_N20
4,4,AG35XF5,143.16,50.0,150.0,58.0,B4,4,B4_R4_C4,4,1,20,E01_N20
5,0,LD21-3090,115.81,60.0,122.65,68.0,B4,4,B4_R5_C0,4,5,19,E05_N19
5,1,AG34XF6,122.65,60.0,129.49,68.0,B4,4,B4_R5_C1,4,4,19,E04_N19
5,2,LD07-3395bf,129.49,60.0,136.33,68.0,B4,4,B4_R5_C2,4,3,19,E03_N19
5,3,AG38XF6,136.32,60.0,143.16,68.0,B4,4,B4_R5_C3,4,2,19,E02_N19
5,4,LD20-11748,143.16,60.0,150.0,68.0,B4,4,B4_R5_C4,4,1,19,E01_N19
6,0,AG38XF6,115.81,70.0,122.65,78.0,B4,4,B4_R6_C0,4,5,18,E05_N18
6,1,LD21-5253,122.65,70.0,129.49,78.0,B4,4,B4_R6_C1,4,4,18,E04_N18
6,2,AG34XF6,129.49,70.0,136.33,78.0,B4,4,B4_R6_C2,4,3,18,E03_N18
6,3,LD21-5253,136.32,70.0,143.16,78.0,B4,4,B4_R6_C3,4,2,18,E02_N18
6,4,AG40XFF5,143.16,70.0,150.0,78.0,B4,4,B4_R6_C4,4,1,18,E01_N18
7,0,LD20-11748,115.81,80.0,122.65,88.0,B4,4,B4_R7_C0,4,5,17,E05_N17
7,1,AG35XF5,122.65,80.0,129.49,88.0,B4,4,B4_R7_C1,4,4,17,E04_N17
7,2,LD21-7234,129.49,80.0,136.33,88.0,B4,4,B4_R7_C2,4,3,17,E03_N17
7,3,AG36XF4,136.32,80.0,143.16,88.0,B4,4,B4_R7_C3,4,2,17,E02_N17
7,4,LD21-3090,143.16,80.0,150.0,88.0,B4,4,B4_R7_C4,4,1,17,E01_N17
0,0,AG36XF4,9.5,90.0,16.34,98.0,B5,5,B5_R0_C0,4,20,16,E20_N16
0,1,LD21-5665,16.34,90.0,23.18,98.0,B5,5,B5_R0_C1,4,19,16,E19_N16
0,2,AG38XF6,23.17,90.0,30.01,98.0,B5,5,B5_R0_C2,4,18,16,E18_N16
0,3,LD07-3395bf,30.01,90.0,36.85,98.0,B5,5,B5_R0_C3,4,17,16,E17_N16
0,4,AG35XF5,36.85,90.0,43.69,98.0,B5,5,B5_R0_C4,4,16,16,E16_N16
1,0,LD21-7234,9.5,100.0,16.34,108.0,B5,5,B5_R1_C0,4,20,15,E20_N15
1,1,AG34XF6,16.34,100.0,23.18,108.0,B5,5,B5_R1_C1,4,19,15,E19_N15
1,2,LD20-11748,23.17,100.0,30.01,108.0,B5,5,B5_R1_C2,4,18,15,E18_N15
1,3,AG40XFF5,30.01,100.0,36.85,108.0,B5,5,B5_R1_C3,4,17,15,E17_N15
1,4,LD21-5253,36.85,100.0,43.69,108.0,B5,5,B5_R1_C4,4,16,15,E16_N15
2,0,AG35XF5,9.5,110.0,16.34,118.0,B5,5,B5_R2_C0,4,20,14,E20_N14
2,1,LD21-5944,16.34,110.0,23.18,118.0,B5,5,B5_R2_C1,4,19,14,E19_N14
2,2,AG36XF4,23.17,110.0,30.01,118.0,B5,5,B5_R2_C2,4,18,14,E18_N14
2,3,LD21-3090,30.01,110.0,36.85,118.0,B5,5,B5_R2_C3,4,17,14,E17_N14
2,4,AG38XF6,36.85,110.0,43.69,118.0,B5,5,B5_R2_C4,4,16,14,E16_N14
3,0,LD17-10473F,9.5,120.0,16.34,128.0,B5,5,B5_R3_C0,4,20,13,E20_N13
3,1,AG40XFF5,16.34,120.0,23.18,128.0,B5,5,B5_R3_C1,4,19,13,E19_N13
3,2,LD21-5665,23.17,120.0,30.01,128.0,B5,5,B5_R3_C2,4,18,13,E18_N13
3,3,AG34XF6,30.01,120.0,36.85,128.0,B5,5,B5_R3_C3,4,17,13,E17_N13
3,4,LD21-5253,36.85,120.0,43.69,128.0,B5,5,B5_R3_C4,4,16,13,E16_N13
4,0,AG35XF5,9.5,130.0,16.34,138.0,B5,5,B5_R4_C0,4,20,12,E20_N12
4,1,LD20-11748,16.34,130.0,23.18,138.0,B5,5,B5_R4_C1,4,19,12,E19_N12
4,2,AG36XF4,23.17,130.0,30.01,138.0,B5,5,B5_R4_C2,4,18,12,E18_N12
4,3,LD07-3395bf,30.01,130.0,36.85,138.0,B5,5,B5_R4_C3,4,17,12,E17_N12
4,4,AG40XFF5,36.85,130.0,43.69,138.0,B5,5,B5_R4_C4,4,16,12,E16_N12
5,0,LD21-5944,9.5,140.0,16.34,148.0,B5,5,B5_R5_C0,4,20,11,E20_N11
5,1,AG38XF6,16.34,140.0,23.18,148.0,B5,5,B5_R5_C1,4,19,11,E19_N11
5,2,LD17-10473F,23.17,140.0,30.01,148.0,B5,5,B5_R5_C2,4,18,11,E18_N11
5,3,AG34XF6,30.01,140.0,36.85,148.0,B5,5,B5_R5_C3,4,17,11,E17_N11
5,4,LD21-3090,36.85,140.0,43.69,148.0,B5,5,B5_R5_C4,4,16,11,E16_N11
6,0,AG34XF6,9.5,150.0,16.34,158.0,B5,5,B5_R6_C0,4,20,10,E20_N10
6,1,LD21-7234,16.34,150.0,23.18,158.0,B5,5,B5_R6_C1,4,19,10,E19_N10
6,2,AG36XF4,23.17,150.0,30.01,158.0,B5,5,B5_R6_C2,4,18,10,E18_N10
6,3,LD21-3090,30.01,150.0,36.85,158.0,B5,5,B5_R6_C3,4,17,10,E17_N10
6,4,AG35XF5,36.85,150.0,43.69,158.0,B5,5,B5_R6_C4,4,16,10,E16_N10
7,0,LD17-10473F,9.5,160.0,16.34,168.0,B5,5,B5_R7_C0,4,20,9,E20_N09
7,1,AG40XFF5,16.34,160.0,23.18,168.0,B5,5,B5_R7_C1,4,19,9,E19_N09
7,2,LD21-7234,23.17,160.0,30.01,168.0,B5,5,B5_R7_C2,4,18,9,E18_N09
7,3,AG38XF6,30.01,160.0,36.85,168.0,B5,5,B5_R7_C3,4,17,9,E17_N09
7,4,LD21-5665,36.85,160.0,43.69,168.0,B5,5,B5_R7_C4,4,16,9,E16_N09
0,0,AG36XF4,44.94,90.0,51.78,98.0,B6,6,B6_R0_C0,1,15,16,E15_N16
0,1,LG3216,51.77,90.0,58.61,98.0,B6,6,B6_R0_C1,1,14,16,E14_N16
0,2,AG29XF4,58.61,90.0,65.45,98.0,B6,6,B6_R0_C2,1,13,16,E13_N16
0,3,LG3216,65.45,90.0,72.29,98.0,B6,6,B6_R0_C3,1,12,16,E12_N16
0,4,AG40XFF5,72.29,90.0,79.13,98.0,B6,6,B6_R0_C4,1,11,16,E11_N16
1,0,LG3216,44.94,100.0,51.78,108.0,B6,6,B6_R1_C0,1,15,15,E15_N15
1,1,AG38XF6,51.77,100.0,58.61,108.0,B6,6,B6_R1_C1,1,14,15,E14_N15
1,2,LG3216,58.61,100.0,65.45,108.0,B6,6,B6_R1_C2,1,13,15,E13_N15
1,3,AG29XF5,65.45,100.0,72.29,108.0,B6,6,B6_R1_C3,1,12,15,E12_N15
1,4,LG3216,72.29,100.0,79.13,108.0,B6,6,B6_R1_C4,1,11,15,E11_N15
2,0,AG34XF6,44.94,110.0,51.78,118.0,B6,6,B6_R2_C0,1,15,14,E15_N14
2,1,LG3216,51.77,110.0,58.61,118.0,B6,6,B6_R2_C1,1,14,14,E14_N14
2,2,AG35XF5,58.61,110.0,65.45,118.0,B6,6,B6_R2_C2,1,13,14,E13_N14
2,3,LG3216,65.45,110.0,72.29,118.0,B6,6,B6_R2_C3,1,12,14,E12_N14
2,4,AG40XFF5,72.29,110.0,79.13,118.0,B6,6,B6_R2_C4,1,11,14,E11_N14
3,0,LG3216,44.94,120.0,51.78,128.0,B6,6,B6_R3_C0,1,15,13,E15_N13
3,1,AG35XF5,51.77,120.0,58.61,128.0,B6,6,B6_R3_C1,1,14,13,E14_N13
3,2,LG3216,58.61,120.0,65.45,128.0,B6,6,B6_R3_C2,1,13,13,E13_N13
3,3,AG36XF4,65.45,120.0,72.29,128.0,B6,6,B6_R3_C3,1,12,13,E12_N13
3,4,LG3216,72.29,120.0,79.13,128.0,B6,6,B6_R3_C4,1,11,13,E11_N13
4,0,AG29XF4,44.94,130.0,51.78,138.0,B6,6,B6_R4_C0,1,15,12,E15_N12
4,1,LG3216,51.77,130.0,58.61,138.0,B6,6,B6_R4_C1,1,14,12,E14_N12
4,2,AG29XF5,58.61,130.0,65.45,138.0,B6,6,B6_R4_C2,1,13,12,E13_N12
4,3,LG3216,65.45,130.0,72.29,138.0,B6,6,B6_R4_C3,1,12,12,E12_N12
4,4,AG38XF6,72.29,130.0,79.13,138.0,B6,6,B6_R4_C4,1,11,12,E11_N12
5,0,LG3216,44.94,140.0,51.78,148.0,B6,6,B6_R5_C0,1,15,11,E15_N11
5,1,AG34XF6,51.77,140.0,58.61,148.0,B6,6,B6_R5_C1,1,14,11,E14_N11
5,2,LG3216,58.61,140.0,65.45,148.0,B6,6,B6_R5_C2,1,13,11,E13_N11
5,3,AG29XF5,65.45,140.0,72.29,148.0,B6,6,B6_R5_C3,1,12,11,E12_N11
5,4,LG3216,72.29,140.0,79.13,148.0,B6,6,B6_R5_C4,1,11,11,E11_N11
6,0,AG35XF5,44.94,150.0,51.78,158.0,B6,6,B6_R6_C0,1,15,10,E15_N10
6,1,LG3216,51.77,150.0,58.61,158.0,B6,6,B6_R6_C1,1,14,10,E14_N10
6,2,AG36XF4,58.61,150.0,65.45,158.0,B6,6,B6_R6_C2,1,13,10,E13_N10
6,3,LG3216,65.45,150.0,72.29,158.0,B6,6,B6_R6_C3,1,12,10,E12_N10
6,4,AG34XF6,72.29,150.0,79.13,158.0,B6,6,B6_R6_C4,1,11,10,E11_N10
7,0,LG3216,44.94,160.0,51.78,168.0,B6,6,B6_R7_C0,1,15,9,E15_N09
7,1,AG38XF6,51.77,160.0,58.61,168.0,B6,6,B6_R7_C1,1,14,9,E14_N09
7,2,LG3216,58.61,160.0,65.45,168.0,B6,6,B6_R7_C2,1,13,9,E13_N09
7,3,AG40XFF5,65.45,160.0,72.29,168.0,B6,6,B6_R7_C3,1,12,9,E12_N09
7,4,LG3216,72.29,160.0,79.13,168.0,B6,6,B6_R7_C4,1,11,9,E11_N09
0,0,LD20-4471,80.37,90.0,87.21,98.0,B7,7,B7_R0_C0,2,10,16,E10_N16
0,1,AG29XF5,87.21,90.0,94.05,98.0,B7,7,B7_R0_C1,2,9,16,E09_N16
0,2,LD20-4542,94.05,90.0,100.89,98.0,B7,7,B7_R0_C2,2,8,16,E08_N16
0,3,AG29XF4,100.89,90.0,107.73,98.0,B7,7,B7_R0_C3,2,7,16,E07_N16
0,4,LD20-5413,107.72,90.0,114.56,98.0,B7,7,B7_R0_C4,2,6,16,E06_N16
1,0,AG29XF4,80.37,100.0,87.21,108.0,B7,7,B7_R1_C0,2,10,15,E10_N15
1,1,LD21-7234,87.21,100.0,94.05,108.0,B7,7,B7_R1_C1,2,9,15,E09_N15
1,2,AG29XF5,94.05,100.0,100.89,108.0,B7,7,B7_R1_C2,2,8,15,E08_N15
1,3,LD20-5738,100.89,100.0,107.73,108.0,B7,7,B7_R1_C3,2,7,15,E07_N15
1,4,AG29XF5,107.72,100.0,114.56,108.0,B7,7,B7_R1_C4,2,6,15,E06_N15
2,0,LD22-4283,80.37,110.0,87.21,118.0,B7,7,B7_R2_C0,2,10,14,E10_N14
2,1,AG29XF4,87.21,110.0,94.05,118.0,B7,7,B7_R2_C1,2,9,14,E09_N14
2,2,LD11-2170,94.05,110.0,100.89,118.0,B7,7,B7_R2_C2,2,8,14,E08_N14
2,3,AG29XF4,100.89,110.0,107.73,118.0,B7,7,B7_R2_C3,2,7,14,E07_N14
2,4,LD21-5253,107.72,110.0,114.56,118.0,B7,7,B7_R2_C4,2,6,14,E06_N14
3,0,AG29XF5,80.37,120.0,87.21,128.0,B7,7,B7_R3_C0,2,10,13,E10_N13
3,1,LD20-4988,87.21,120.0,94.05,128.0,B7,7,B7_R3_C1,2,9,13,E09_N13
3,2,AG29XF4,94.05,120.0,100.89,128.0,B7,7,B7_R3_C2,2,8,13,E08_N13
3,3,LD22-4283,100.89,120.0,107.73,128.0,B7,7,B7_R3_C3,2,7,13,E07_N13
3,4,AG29XF5,107.72,120.0,114.56,128.0,B7,7,B7_R3_C4,2,6,13,E06_N13
4,0,LD20-4542,80.37,130.0,87.21,138.0,B7,7,B7_R4_C0,2,10,12,E10_N12
4,1,AG29XF4,87.21,130.0,94.05,138.0,B7,7,B7_R4_C1,2,9,12,E09_N12
4,2,LD11-2170,94.05,130.0,100.89,138.0,B7,7,B7_R4_C2,2,8,12,E08_N12
4,3,AG29XF5,100.89,130.0,107.73,138.0,B7,7,B7_R4_C3,2,7,12,E07_N12
4,4,LD20-5413,107.72,130.0,114.56,138.0,B7,7,B7_R4_C4,2,6,12,E06_N12
5,0,AG29XF5,80.37,140.0,87.21,148.0,B7,7,B7_R5_C0,2,10,11,E10_N11
5,1,LD20-4988,87.21,140.0,94.05,148.0,B7,7,B7_R5_C1,2,9,11,E09_N11
5,2,AG29XF4,94.05,140.0,100.89,148.0,B7,7,B7_R5_C2,2,8,11,E08_N11
5,3,LD21-5253,100.89,140.0,107.73,148.0,B7,7,B7_R5_C3,2,7,11,E07_N11
5,4,AG29XF5,107.72,140.0,114.56,148.0,B7,7,B7_R5_C4,2,6,11,E06_N11
6,0,LD20-5738,80.37,150.0,87.21,158.0,B7,7,B7_R6_C0,2,10,10,E10_N10
6,1,AG29XF4,87.21,150.0,94.05,158.0,B7,7,B7_R6_C1,2,9,10,E09_N10
6,2,LD20-4471,94.05,150.0,100.89,158.0,B7,7,B7_R6_C2,2,8,10,E08_N10
6,3,AG29XF5,100.89,150.0,107.73,158.0,B7,7,B7_R6_C3,2,7,10,E07_N10
6,4,LD21-7234,107.72,150.0,114.56,158.0,B7,7,B7_R6_C4,2,6,10,E06_N10
7,0,AG29XF4,80.37,160.0,87.21,168.0,B7,7,B7_R7_C0,2,10,9,E10_N09
7,1,LD11-2170,87.21,160.0,94.05,168.0,B7,7,B7_R7_C1,2,9,9,E09_N09
7,2,AG29XF5,94.05,160.0,100.89,168.0,B7,7,B7_R7_C2,2,8,9,E08_N09
7,3,LD20-5413,100.89,160.0,107.73,168.0,B7,7,B7_R7_C3,2,7,9,E07_N09
7,4,AG29XF4,107.72,160.0,114.56,168.0,B7,7,B7_R7_C4,2,6,9,E06_N09
0,0,LD17-10473L,115.81,90.0,122.65,98.0,B8,8,B8_R0_C0,3,5,16,E05_N16
0,1,LG3216,122.65,90.0,129.49,98.0,B8,8,B8_R0_C1,3,4,16,E04_N16
0,2,LD20-4988,129.49,90.0,136.33,98.0,B8,8,B8_R0_C2,3,3,16,E03_N16
0,3,LG3216,136.32,90.0,143.16,98.0,B8,8,B8_R0_C3,3,2,16,E02_N16
0,4,LD20-5738,143.16,90.0,150.0,98.0,B8,8,B8_R0_C4,3,1,16,E01_N16
1,0,LG3216,115.81,100.0,122.65,108.0,B8,8,B8_R1_C0,3,5,15,E05_N15
1,1,LD19-10076,122.65,100.0,129.49,108.0,B8,8,B8_R1_C1,3,4,15,E04_N15
1,2,LG3216,129.49,100.0,136.33,108.0,B8,8,B8_R1_C2,3,3,15,E03_N15
1,3,LD20-11748,136.32,100.0,143.16,108.0,B8,8,B8_R1_C3,3,2,15,E02_N15
1,4,LG3216,143.16,100.0,150.0,108.0,B8,8,B8_R1_C4,3,1,15,E01_N15
2,0,LD21-5991,115.81,110.0,122.65,118.0,B8,8,B8_R2_C0,3,5,14,E05_N14
2,1,LG3216,122.65,110.0,129.49,118.0,B8,8,B8_R2_C1,3,4,14,E04_N14
2,2,LD21-5253,129.49,110.0,136.33,118.0,B8,8,B8_R2_C2,3,3,14,E03_N14
2,3,LG3216,136.32,110.0,143.16,118.0,B8,8,B8_R2_C3,3,2,14,E02_N14
2,4,LD17-10473F,143.16,110.0,150.0,118.0,B8,8,B8_R2_C4,3,1,14,E01_N14
3,0,LG3216,115.81,120.0,122.65,128.0,B8,8,B8_R3_C0,3,5,13,E05_N13
3,1,LD21-3090,122.65,120.0,129.49,128.0,B8,8,B8_R3_C1,3,4,13,E04_N13
3,2,LG3216,129.49,120.0,136.33,128.0,B8,8,B8_R3_C2,3,3,13,E03_N13
3,3,LD21-5665,136.32,120.0,143.16,128.0,B8,8,B8_R3_C3,3,2,13,E02_N13
3,4,LG3216,143.16,120.0,150.0,128.0,B8,8,B8_R3_C4,3,1,13,E01_N13
4,0,LD20-4471,115.81,130.0,122.65,138.0,B8,8,B8_R4_C0,3,5,12,E05_N12
4,1,LG3216,122.65,130.0,129.49,138.0,B8,8,B8_R4_C1,3,4,12,E04_N12
4,2,LD20-4542,129.49,130.0,136.33,138.0,B8,8,B8_R4_C2,3,3,12,E03_N12
4,3,LG3216,136.32,130.0,143.16,138.0,B8,8,B8_R4_C3,3,2,12,E02_N12
4,4,LD21-5944,143.16,130.0,150.0,138.0,B8,8,B8_R4_C4,3,1,12,E01_N12
5,0,LG3216,115.81,140.0,122.65,148.0,B8,8,B8_R5_C0,3,5,11,E05_N11
5,1,LD20-5413,122.65,140.0,129.49,148.0,B8,8,B8_R5_C1,3,4,11,E04_N11
5,2,LG3216,129.49,140.0,136.33,148.0,B8,8,B8_R5_C2,3,3,11,E03_N11
5,3,LD11-2170,136.32,140.0,143.16,148.0,B8,8,B8_R5_C3,3,2,11,E02_N11
5,4,LG3216,143.16,140.0,150.0,148.0,B8,8,B8_R5_C4,3,1,11,E01_N11
6,0,LD22-4283,115.81,150.0,122.65,158.0,B8,8,B8_R6_C0,3,5,10,E05_N10
6,1,LG3216,122.65,150.0,129.49,158.0,B8,8,B8_R6_C1,3,4,10,E04_N10
6,2,LD21-7234,129.49,150.0,136.33,158.0,B8,8,B8_R6_C2,3,3,10,E03_N10
6,3,LG3216,136.32,150.0,143.16,158.0,B8,8,B8_R6_C3,3,2,10,E02_N10
6,4,LD19-10244,143.16,150.0,150.0,158.0,B8,8,B8_R6_C4,3,1,10,E01_N10
7,0,LG3216,115.81,160.0,122.65,168.0,B8,8,B8_R7_C0,3,5,9,E05_N09
7,1,LD07-3395bf,122.65,160.0,129.49,168.0,B8,8,B8_R7_C1,3,4,9,E04_N09
7,2,LG3216,129.49,160.0,136.33,168.0,B8,8,B8_R7_C2,3,3,9,E03_N09
7,3,LD00-2817P,136.32,160.0,143.16,168.0,B8,8,B8_R7_C3,3,2,9,E02_N09
7,4,LG3216,143.16,160.0,150.0,168.0,B8,8,B8_R7_C4,3,1,9,E01_N09
0,0,LD20-11748,9.5,170.0,16.34,178.0,B9,9,B9_R0_C0,3,20,8,E20_N08
0,1,LG3216,16.34,170.0,23.18,178.0,B9,9,B9_R0_C1,3,19,8,E19_N08
0,2,LD20-4542,23.17,170.0,30.01,178.0,B9,9,B9_R0_C2,3,18,8,E18_N08
0,3,LG3216,30.01,170.0,36.85,178.0,B9,9,B9_R0_C3,3,17,8,E17_N08
0,4,LD21-3090,36.85,170.0,43.69,178.0,B9,9,B9_R0_C4,3,16,8,E16_N08
1,0,LG3216,9.5,180.0,16.34,188.0,B9,9,B9_R1_C0,3,20,7,E20_N07
1,1,LD20-5413,16.34,180.0,23.18,188.0,B9,9,B9_R1_C1,3,19,7,E19_N07
1,2,LG3216,23.17,180.0,30.01,188.0,B9,9,B9_R1_C2,3,18,7,E18_N07
1,3,LD21-5944,30.01,180.0,36.85,188.0,B9,9,B9_R1_C3,3,17,7,E17_N07
1,4,LG3216,36.85,180.0,43.69,188.0,B9,9,B9_R1_C4,3,16,7,E16_N07
2,0,LD21-5991,9.5,190.0,16.34,198.0,B9,9,B9_R2_C0,3,20,6,E20_N06
2,1,LG3216,16.34,190.0,23.18,198.0,B9,9,B9_R2_C1,3,19,6,E19_N06
2,2,LD00-2817P,23.17,190.0,30.01,198.0,B9,9,B9_R2_C2,3,18,6,E18_N06
2,3,LG3216,30.01,190.0,36.85,198.0,B9,9,B9_R2_C3,3,17,6,E17_N06
2,4,LD22-4283,36.85,190.0,43.69,198.0,B9,9,B9_R2_C4,3,16,6,E16_N06
3,0,LG3216,9.5,200.0,16.34,208.0,B9,9,B9_R3_C0,3,20,5,E20_N05
3,1,LD17-10473F,16.34,200.0,23.18,208.0,B9,9,B9_R3_C1,3,19,5,E19_N05
3,2,LG3216,23.17,200.0,30.01,208.0,B9,9,B9_R3_C2,3,18,5,E18_N05
3,3,LD19-10076,30.01,200.0,36.85,208.0,B9,9,B9_R3_C3,3,17,5,E17_N05
3,4,LG3216,36.85,200.0,43.69,208.0,B9,9,B9_R3_C4,3,16,5,E16_N05
4,0,LD11-2170,9.5,210.0,16.34,218.0,B9,9,B9_R4_C0,3,20,4,E20_N04
4,1,LG3216,16.34,210.0,23.18,218.0,B9,9,B9_R4_C1,3,19,4,E19_N04
4,2,LD21-7234,23.17,210.0,30.01,218.0,B9,9,B9_R4_C2,3,18,4,E18_N04
4,3,LG3216,30.01,210.0,36.85,218.0,B9,9,B9_R4_C3,3,17,4,E17_N04
4,4,LD21-5253,36.85,210.0,43.69,218.0,B9,9,B9_R4_C4,3,16,4,E16_N04
5,0,LG3216,9.5,220.0,16.34,228.0,B9,9,B9_R5_C0,3,20,3,E20_N03
5,1,LD07-3395bf,16.34,220.0,23.18,228.0,B9,9,B9_R5_C1,3,19,3,E19_N03
5,2,LG3216,23.17,220.0,30.01,228.0,B9,9,B9_R5_C2,3,18,3,E18_N03
5,3,LD20-5738,30.01,220.0,36.85,228.0,B9,9,B9_R5_C3,3,17,3,E17_N03
5,4,LG3216,36.85,220.0,43.69,228.0,B9,9,B9_R5_C4,3,16,3,E16_N03
6,0,LD20-4471,9.5,230.0,16.34,238.0,B9,9,B9_R6_C0,3,20,2,E20_N02
6,1,LG3216,16.34,230.0,23.18,238.0,B9,9,B9_R6_C1,3,19,2,E19_N02
6,2,LD19-10244,23.17,230.0,30.01,238.0,B9,9,B9_R6_C2,3,18,2,E18_N02
6,3,LG3216,30.01,230.0,36.85,238.0,B9,9,B9_R6_C3,3,17,2,E17_N02
6,4,LD17-10473L,36.85,230.0,43.69,238.0,B9,9,B9_R6_C4,3,16,2,E16_N02
7,0,LG3216,9.5,240.0,16.34,248.0,B9,9,B9_R7_C0,3,20,1,E20_N01
7,1,LD20-4988,16.34,240.0,23.18,248.0,B9,9,B9_R7_C1,3,19,1,E19_N01
7,2,LG3216,23.17,240.0,30.01,248.0,B9,9,B9_R7_C2,3,18,1,E18_N01
7,3,LD21-5665,30.01,240.0,36.85,248.0,B9,9,B9_R7_C3,3,17,1,E17_N01
7,4,LG3216,36.85,240.0,43.69,248.0,B9,9,B9_R7_C4,3,16,1,E16_N01
0,0,AG36XF4,44.94,170.0,51.78,178.0,B10,10,B10_R0_C0,4,15,8,E15_N08
0,1,LD21-7234,51.77,170.0,58.61,178.0,B10,10,B10_R0_C1,4,14,8,E14_N08
0,2,AG38XF6,58.61,170.0,65.45,178.0,B10,10,B10_R0_C2,4,13,8,E13_N08
0,3,LD21-5944,65.45,170.0,72.29,178.0,B10,10,B10_R0_C3,4,12,8,E12_N08
0,4,AG35XF5,72.29,170.0,79.13,178.0,B10,10,B10_R0_C4,4,11,8,E11_N08
1,0,LD21-3090,44.94,180.0,51.78,188.0,B10,10,B10_R1_C0,4,15,7,E15_N07
1,1,AG34XF6,51.77,180.0,58.61,188.0,B10,10,B10_R1_C1,4,14,7,E14_N07
1,2,LD20-11748,58.61,180.0,65.45,188.0,B10,10,B10_R1_C2,4,13,7,E13_N07
1,3,AG40XFF5,65.45,180.0,72.29,188.0,B10,10,B10_R1_C3,4,12,7,E12_N07
1,4,LD21-5665,72.29,180.0,79.13,188.0,B10,10,B10_R1_C4,4,11,7,E11_N07
2,0,AG38XF6,44.94,190.0,51.78,198.0,B10,10,B10_R2_C0,4,15,6,E15_N06
2,1,LD07-3395bf,51.77,190.0,58.61,198.0,B10,10,B10_R2_C1,4,14,6,E14_N06
2,2,AG36XF4,58.61,190.0,65.45,198.0,B10,10,B10_R2_C2,4,13,6,E13_N06
2,3,LD21-5253,65.45,190.0,72.29,198.0,B10,10,B10_R2_C3,4,12,6,E12_N06
2,4,AG34XF6,72.29,190.0,79.13,198.0,B10,10,B10_R2_C4,4,11,6,E11_N06
3,0,LD17-10473F,44.94,200.0,51.78,208.0,B10,10,B10_R3_C0,4,15,5,E15_N05
3,1,AG40XFF5,51.77,200.0,58.61,208.0,B10,10,B10_R3_C1,4,14,5,E14_N05
3,2,LD21-5253,58.61,200.0,65.45,208.0,B10,10,B10_R3_C2,4,13,5,E13_N05
3,3,AG35XF5,65.45,200.0,72.29,208.0,B10,10,B10_R3_C3,4,12,5,E12_N05
3,4,LD21-5944,72.29,200.0,79.13,208.0,B10,10,B10_R3_C4,4,11,5,E11_N05
4,0,AG38XF6,44.94,210.0,51.78,218.0,B10,10,B10_R4_C0,4,15,4,E15_N04
4,1,LD21-3090,51.77,210.0,58.61,218.0,B10,10,B10_R4_C1,4,14,4,E14_N04
4,2,AG35XF5,58.61,210.0,65.45,218.0,B10,10,B10_R4_C2,4,13,4,E13_N04
4,3,LD21-7234,65.45,210.0,72.29,218.0,B10,10,B10_R4_C3,4,12,4,E12_N04
4,4,AG34XF6,72.29,210.0,79.13,218.0,B10,10,B10_R4_C4,4,11,4,E11_N04
5,0,LD20-11748,44.94,220.0,51.78,228.0,B10,10,B10_R5_C0,4,15,3,E15_N03
5,1,AG36XF4,51.77,220.0,58.61,228.0,B10,10,B10_R5_C1,4,14,3,E14_N03
5,2,LD17-10473F,58.61,220.0,65.45,228.0,B10,10,B10_R5_C2,4,13,3,E13_N03
5,3,AG40XFF5,65.45,220.0,72.29,228.0,B10,10,B10_R5_C3,4,12,3,E12_N03
5,4,LD07-3395bf,72.29,220.0,79.13,228.0,B10,10,B10_R5_C4,4,11,3,E11_N03
6,0,AG35XF5,44.94,230.0,51.78,238.0,B10,10,B10_R6_C0,4,15,2,E15_N02
6,1,LD21-5665,51.77,230.0,58.61,238.0,B10,10,B10_R6_C1,4,14,2,E14_N02
6,2,AG34XF6,58.61,230.0,65.45,238.0,B10,10,B10_R6_C2,4,13,2,E13_N02
6,3,LD21-5944,65.45,230.0,72.29,238.0,B10,10,B10_R6_C3,4,12,2,E12_N02
6,4,AG38XF6,72.29,230.0,79.13,238.0,B10,10,B10_R6_C4,4,11,2,E11_N02
7,0,LD21-5665,44.94,240.0,51.78,248.0,B10,10,B10_R7_C0,4,15,1,E15_N01
7,1,AG36XF4,51.77,240.0,58.61,248.0,B10,10,B10_R7_C1,4,14,1,E14_N01
7,2,LD21-7234,58.61,240.0,65.45,248.0,B10,10,B10_R7_C2,4,13,1,E13_N01
7,3,AG40XFF5,65.45,240.0,72.29,248.0,B10,10,B10_R7_C3,4,12,1,E12_N01
7,4,LD20-11748,72.29,240.0,79.13,248.0,B10,10,B10_R7_C4,4,11,1,E11_N01
0,0,AG35XF5,80.37,170.0,87.21,178.0,B11,11,B11_R0_C0,1,10,8,E10_N08
0,1,LG3216,87.21,170.0,94.05,178.0,B11,11,B11_R0_C1,1,9,8,E09_N08
0,2,AG34XF6,94.05,170.0,100.89,178.0,B11,11,B11_R0_C2,1,8,8,E08_N08
0,3,LG3216,100.89,170.0,107.73,178.0,B11,11,B11_R0_C3,1,7,8,E07_N08
0,4,AG36XF4,107.72,170.0,114.56,178.0,B11,11,B11_R0_C4,1,6,8,E06_N08
1,0,LG3216,80.37,180.0,87.21,188.0,B11,11,B11_R1_C0,1,10,7,E10_N07
1,1,AG40XFF5,87.21,180.0,94.05,188.0,B11,11,B11_R1_C1,1,9,7,E09_N07
1,2,LG3216,94.05,180.0,100.89,188.0,B11,11,B11_R1_C2,1,8,7,E08_N07
1,3,AG29XF5,100.89,180.0,107.73,188.0,B11,11,B11_R1_C3,1,7,7,E07_N07
1,4,LG3216,107.72,180.0,114.56,188.0,B11,11,B11_R1_C4,1,6,7,E06_N07
2,0,AG38XF6,80.37,190.0,87.21,198.0,B11,11,B11_R2_C0,1,10,6,E10_N06
2,1,LG3216,87.21,190.0,94.05,198.0,B11,11,B11_R2_C1,1,9,6,E09_N06
2,2,AG29XF4,94.05,190.0,100.89,198.0,B11,11,B11_R2_C2,1,8,6,E08_N06
2,3,LG3216,100.89,190.0,107.73,198.0,B11,11,B11_R2_C3,1,7,6,E07_N06
2,4,AG38XF6,107.72,190.0,114.56,198.0,B11,11,B11_R2_C4,1,6,6,E06_N06
3,0,LG3216,80.37,200.0,87.21,208.0,B11,11,B11_R3_C0,1,10,5,E10_N05
3,1,AG29XF4,87.21,200.0,94.05,208.0,B11,11,B11_R3_C1,1,9,5,E09_N05
3,2,LG3216,94.05,200.0,100.89,208.0,B11,11,B11_R3_C2,1,8,5,E08_N05
3,3,AG40XFF5,100.89,200.0,107.73,208.0,B11,11,B11_R3_C3,1,7,5,E07_N05
3,4,LG3216,107.72,200.0,114.56,208.0,B11,11,B11_R3_C4,1,6,5,E06_N05
4,0,AG34XF6,80.37,210.0,87.21,218.0,B11,11,B11_R4_C0,1,10,4,E10_N04
4,1,LG3216,87.21,210.0,94.05,218.0,B11,11,B11_R4_C1,1,9,4,E09_N04
4,2,AG35XF5,94.05,210.0,100.89,218.0,B11,11,B11_R4_C2,1,8,4,E08_N04
4,3,LG3216,100.89,210.0,107.73,218.0,B11,11,B11_R4_C3,1,7,4,E07_N04
4,4,AG29XF5,107.72,210.0,114.56,218.0,B11,11,B11_R4_C4,1,6,4,E06_N04
5,0,LG3216,80.37,220.0,87.21,228.0,B11,11,B11_R5_C0,1,10,3,E10_N03
5,1,AG36XF4,87.21,220.0,94.05,228.0,B11,11,B11_R5_C1,1,9,3,E09_N03
5,2,LG3216,94.05,220.0,100.89,228.0,B11,11,B11_R5_C2,1,8,3,E08_N03
5,3,AG29XF5,100.89,220.0,107.73,228.0,B11,11,B11_R5_C3,1,7,3,E07_N03
5,4,LG3216,107.72,220.0,114.56,228.0,B11,11,B11_R5_C4,1,6,3,E06_N03
6,0,AG29XF4,80.37,230.0,87.21,238.0,B11,11,B11_R6_C0,1,10,2,E10_N02
6,1,LG3216,87.21,230.0,94.05,238.0,B11,11,B11_R6_C1,1,9,2,E09_N02
6,2,AG36XF4,94.05,230.0,100.89,238.0,B11,11,B11_R6_C2,1,8,2,E08_N02
6,3,LG3216,100.89,230.0,107.73,238.0,B11,11,B11_R6_C3,1,7,2,E07_N02
6,4,AG40XFF5,107.72,230.0,114.56,238.0,B11,11,B11_R6_C4,1,6,2,E06_N02
7,0,LG3216,80.37,240.0,87.21,248.0,B11,11,B11_R7_C0,1,10,1,E10_N01
7,1,AG34XF6,87.21,240.0,94.05,248.0,B11,11,B11_R7_C1,1,9,1,E09_N01
7,2,LG3216,94.05,240.0,100.89,248.0,B11,11,B11_R7_C2,1,8,1,E08_N01
7,3,AG38XF6,100.89,240.0,107.73,248.0,B11,11,B11_R7_C3,1,7,1,E07_N01
7,4,LG3216,107.72,240.0,114.56,248.0,B11,11,B11_R7_C4,1,6,1,E06_N01
0,0,LD11-2170,115.81,170.0,122.65,178.0,B12,12,B12_R0_C0,2,5,8,E05_N08
0,1,AG29XF5,122.65,170.0,129.49,178.0,B12,12,B12_R0_C1,2,4,8,E04_N08
0,2,LD21-5253,129.49,170.0,136.33,178.0,B12,12,B12_R0_C2,2,3,8,E03_N08
0,3,AG29XF4,136.32,170.0,143.16,178.0,B12,12,B12_R0_C3,2,2,8,E02_N08
0,4,LD20-5413,143.16,170.0,150.0,178.0,B12,12,B12_R0_C4,2,1,8,E01_N08
1,0,AG29XF5,115.81,180.0,122.65,188.0,B12,12,B12_R1_C0,2,5,7,E05_N07
1,1,LD21-7234,122.65,180.0,129.49,188.0,B12,12,B12_R1_C1,2,4,7,E04_N07
1,2,AG29XF4,129.49,180.0,136.33,188.0,B12,12,B12_R1_C2,2,3,7,E03_N07
1,3,LD20-4988,136.32,180.0,143.16,188.0,B12,12,B12_R1_C3,2,2,7,E02_N07
1,4,AG29XF4,143.16,180.0,150.0,188.0,B12,12,B12_R1_C4,2,1,7,E01_N07
2,0,LD20-5738,115.81,190.0,122.65,198.0,B12,12,B12_R2_C0,2,5,6,E05_N06
2,1,AG29XF5,122.65,190.0,129.49,198.0,B12,12,B12_R2_C1,2,4,6,E04_N06
2,2,LD20-4542,129.49,190.0,136.33,198.0,B12,12,B12_R2_C2,2,3,6,E03_N06
2,3,AG29XF5,136.32,190.0,143.16,198.0,B12,12,B12_R2_C3,2,2,6,E02_N06
2,4,LD22-4283,143.16,190.0,150.0,198.0,B12,12,B12_R2_C4,2,1,6,E01_N06
3,0,AG29XF4,115.81,200.0,122.65,208.0,B12,12,B12_R3_C0,2,5,5,E05_N05
3,1,LD20-4471,122.65,200.0,129.49,208.0,B12,12,B12_R3_C1,2,4,5,E04_N05
3,2,AG29XF5,129.49,200.0,136.33,208.0,B12,12,B12_R3_C2,2,3,5,E03_N05
3,3,LD20-4542,136.32,200.0,143.16,208.0,B12,12,B12_R3_C3,2,2,5,E02_N05
3,4,AG29XF4,143.16,200.0,150.0,208.0,B12,12,B12_R3_C4,2,1,5,E01_N05
4,0,LD22-4283,115.81,210.0,122.65,218.0,B12,12,B12_R4_C0,2,5,4,E05_N04
4,1,AG29XF5,122.65,210.0,129.49,218.0,B12,12,B12_R4_C1,2,4,4,E04_N04
4,2,LD20-4988,129.49,210.0,136.33,218.0,B12,12,B12_R4_C2,2,3,4,E03_N04
4,3,AG29XF4,136.32,210.0,143.16,218.0,B12,12,B12_R4_C3,2,2,4,E02_N04
4,4,LD20-4471,143.16,210.0,150.0,218.0,B12,12,B12_R4_C4,2,1,4,E01_N04
5,0,AG29XF4,115.81,220.0,122.65,228.0,B12,12,B12_R5_C0,2,5,3,E05_N03
5,1,LD20-5413,122.65,220.0,129.49,228.0,B12,12,B12_R5_C1,2,4,3,E04_N03
5,2,AG29XF5,129.49,220.0,136.33,228.0,B12,12,B12_R5_C2,2,3,3,E03_N03
5,3,LD21-7234,136.32,220.0,143.16,228.0,B12,12,B12_R5_C3,2,2,3,E02_N03
5,4,AG29XF4,143.16,220.0,150.0,228.0,B12,12,B12_R5_C4,2,1,3,E01_N03
6,0,LD20-5738,115.81,230.0,122.65,238.0,B12,12,B12_R6_C0,2,5,2,E05_N02
6,1,AG29XF5,122.65,230.0,129.49,238.0,B12,12,B12_R6_C1,2,4,2,E04_N02
6,2,LD21-5253,129.49,230.0,136.33,238.0,B12,12,B12_R6_C2,2,3,2,E03_N02
6,3,AG29XF5,136.32,230.0,143.16,238.0,B12,12,B12_R6_C3,2,2,2,E02_N02
6,4,LD11-2170,143.16,230.0,150.0,238.0,B12,12,B12_R6_C4,2,1,2,E01_N02
7,0,AG29XF4,115.81,240.0,122.65,248.0,B12,12,B12_R7_C0,2,5,1,E05_N01
7,1,LD20-4542,122.65,240.0,129.49,248.0,B12,12,B12_R7_C1,2,4,1,E04_N01
7,2,AG29XF4,129.49,240.0,136.33,248.0,B12,12,B12_R7_C2,2,3,1,E03_N01
7,3,LD20-4471,136.32,240.0,143.16,248.0,B12,12,B12_R7_C3,2,2,1,E02_N01
7,4,AG29XF5,143.16,240.0,150.0,248.0,B12,12,B12_R7_C4,2,1,1,E01_N01
