Date/Time,Range,Row,Weight (kg),Quick Note,Harvest Sequence,HarvestEW,HarvestSource,HarvestNS,HarvestDirection,HarvestIssue,Weight_kg_raw,Weight_kg_analysis,HarvestDateTime
10/22/2025 10:19:36 AM,1,2,1.775,,49,1,main,1,N_to_S,False,1.775,1.775,2025-10-22 10:19:36
10/22/2025 10:18:54 AM,2,2,0.875,,48,1,main,2,N_to_S,False,0.875,0.875,2025-10-22 10:18:54
10/22/2025 10:18:11 AM,3,2,0.845,,47,1,main,3,N_to_S,False,0.845,0.845,2025-10-22 10:18:11
10/22/2025 10:17:30 AM,4,2,0.775,,46,1,main,4,N_to_S,False,0.775,0.775,2025-10-22 10:17:30
10/22/2025 10:16:56 AM,5,2,1.21,,45,1,main,5,N_to_S,False,1.21,1.21,2025-10-22 10:16:56
10/22/2025 10:15:20 AM,6,2,0.99,,44,1,main,6,N_to_S,False,0.99,0.99,2025-10-22 10:15:20
10/22/2025 10:14:40 AM,7,2,1.185,,43,1,main,7,N_to_S,False,1.185,1.185,2025-10-22 10:14:40
10/22/2025 10:14:01 AM,8,2,1.205,,42,1,main,8,N_to_S,False,1.205,1.205,2025-10-22 10:14:01
10/22/2025 10:13:24 AM,9,2,1.705,,41,1,main,9,N_to_S,False,1.705,1.705,2025-10-22 10:13:24
10/22/2025 10:12:29 AM,10,2,1.27,,40,1,main,10,N_to_S,False,1.27,1.27,2025-10-22 10:12:29
10/22/2025 10:11:47 AM,11,2,1.33,,39,1,main,11,N_to_S,False,1.33,1.33,2025-10-22 10:11:47
10/22/2025 10:11:02 AM,12,2,0.86,,38,1,main,12,N_to_S,False,0.86,0.86,2025-10-22 10:11:02
10/22/2025 10:10:26 AM,13,2,1.525,,37,1,main,13,N_to_S,False,1.525,1.525,2025-10-22 10:10:26
10/22/2025 10:09:11 AM,14,2,1.33,,36,1,main,14,N_to_S,False,1.33,1.33,2025-10-22 10:09:11
10/22/2025 10:07:56 AM,15,2,1.58,,35,1,main,15,N_to_S,False,1.58,1.58,2025-10-22 10:07:56
10/22/2025 10:07:17 AM,16,2,1.33,,34,1,main,16,N_to_S,False,1.33,1.33,2025-10-22 10:07:17
10/22/2025 10:06:31 AM,17,2,1.62,,33,1,main,17,N_to_S,False,1.62,1.62,2025-10-22 10:06:31
10/22/2025 10:05:50 AM,18,2,1.3,,32,1,main,18,N_to_S,False,1.3,1.3,2025-10-22 10:05:50
10/22/2025 10:05:08 AM,19,2,1.325,,31,1,main,19,N_to_S,False,1.325,1.325,2025-10-22 10:05:08
10/22/2025 10:04:28 AM,20,2,1.455,,30,1,main,20,N_to_S,False,1.455,1.455,2025-10-22 10:04:28
10/22/2025 10:03:42 AM,21,2,1.26,,29,1,main,21,N_to_S,False,1.26,1.26,2025-10-22 10:03:42
10/22/2025 10:03:00 AM,22,2,0.96,,28,1,main,22,N_to_S,False,0.96,0.96,2025-10-22 10:03:00
10/22/2025 10:02:15 AM,23,2,0.685,,27,1,main,23,N_to_S,False,0.685,0.685,2025-10-22 10:02:15
10/22/2025 10:01:32 AM,24,2,0.58,,26,1,main,24,N_to_S,False,0.58,0.58,2025-10-22 10:01:32
10/22/2025 10:20:58 AM,1,3,0.115,,50,2,main,1,S_to_N,False,0.115,0.115,2025-10-22 10:20:58
10/22/2025 10:21:37 AM,2,3,0.745,,51,2,main,2,S_to_N,False,0.745,0.745,2025-10-22 10:21:37
10/22/2025 10:22:05 AM,3,3,0.4,,52,2,main,3,S_to_N,False,0.4,0.4,2025-10-22 10:22:05
10/22/2025 10:22:36 AM,4,3,0.7,,53,2,main,4,S_to_N,False,0.7,0.7,2025-10-22 10:22:36
10/22/2025 10:23:05 AM,5,3,0.54,,54,2,main,5,S_to_N,False,0.54,0.54,2025-10-22 10:23:05
10/22/2025 10:23:33 AM,6,3,0.815,,55,2,main,6,S_to_N,False,0.815,0.815,2025-10-22 10:23:33
10/22/2025 10:24:01 AM,7,3,0.625,,56,2,main,7,S_to_N,False,0.625,0.625,2025-10-22 10:24:01
10/22/2025 10:24:37 AM,8,3,1.51,,57,2,main,8,S_to_N,False,1.51,1.51,2025-10-22 10:24:37
10/22/2025 10:25:08 AM,9,3,1.23,,58,2,main,9,S_to_N,False,1.23,1.23,2025-10-22 10:25:08
10/22/2025 10:25:45 AM,10,3,1.325,,59,2,main,10,S_to_N,False,1.325,1.325,2025-10-22 10:25:45
10/22/2025 10:26:35 AM,11,3,1.265,,60,2,main,11,S_to_N,False,1.265,1.265,2025-10-22 10:26:35
10/22/2025 10:27:15 AM,12,3,0.98,,61,2,main,12,S_to_N,False,0.98,0.98,2025-10-22 10:27:15
10/22/2025 10:27:50 AM,13,3,1.145,,62,2,main,13,S_to_N,False,1.145,1.145,2025-10-22 10:27:50
10/22/2025 10:28:26 AM,14,3,1.01,,63,2,main,14,S_to_N,False,1.01,1.01,2025-10-22 10:28:26
10/22/2025 10:29:08 AM,15,3,1.135,,64,2,main,15,S_to_N,False,1.135,1.135,2025-10-22 10:29:08
10/22/2025 10:29:42 AM,16,3,1.41,,65,2,main,16,S_to_N,False,1.41,1.41,2025-10-22 10:29:42
10/22/2025 10:30:21 AM,17,3,1.035,,66,2,main,17,S_to_N,False,1.035,1.035,2025-10-22 10:30:21
10/22/2025 10:30:57 AM,18,3,1.005,,67,2,main,18,S_to_N,False,1.005,1.005,2025-10-22 10:30:57
10/22/2025 10:31:33 AM,19,3,1.295,,68,2,main,19,S_to_N,False,1.295,1.295,2025-10-22 10:31:33
10/22/2025 10:32:02 AM,20,3,1.475,,69,2,main,20,S_to_N,False,1.475,1.475,2025-10-22 10:32:02
10/22/2025 10:32:32 AM,21,3,1.355,,70,2,main,21,S_to_N,False,1.355,1.355,2025-10-22 10:32:32
10/22/2025 10:33:02 AM,22,3,1.165,,71,2,main,22,S_to_N,False,1.165,1.165,2025-10-22 10:33:02
10/22/2025 10:33:33 AM,23,3,1.15,,72,2,main,23,S_to_N,False,1.15,1.15,2025-10-22 10:33:33
10/22/2025 10:34:02 AM,24,3,0.525,,73,2,main,24,S_to_N,False,0.525,0.525,2025-10-22 10:34:02
10/22/2025 10:46:40 AM,1,4,1.27,,97,3,main,1,N_to_S,False,1.27,1.27,2025-10-22 10:46:40
10/22/2025 10:46:12 AM,2,4,1.01,,96,3,main,2,N_to_S,False,1.01,1.01,2025-10-22 10:46:12
10/22/2025 10:45:43 AM,3,4,1.15,,95,3,main,3,N_to_S,False,1.15,1.15,2025-10-22 10:45:43
10/22/2025 10:45:10 AM,4,4,1.095,,94,3,main,4,N_to_S,False,1.095,1.095,2025-10-22 10:45:10
10/22/2025 10:44:40 AM,5,4,1.305,,93,3,main,5,N_to_S,False,1.305,1.305,2025-10-22 10:44:40
10/22/2025 10:44:11 AM,6,4,0.845,,92,3,main,6,N_to_S,False,0.845,0.845,2025-10-22 10:44:11
10/22/2025 10:43:42 AM,7,4,0.975,,91,3,main,7,N_to_S,False,0.975,0.975,2025-10-22 10:43:42
10/22/2025 10:43:14 AM,8,4,0.57,,90,3,main,8,N_to_S,False,0.57,0.57,2025-10-22 10:43:14
10/22/2025 10:42:48 AM,9,4,1.105,,89,3,main,9,N_to_S,False,1.105,1.105,2025-10-22 10:42:48
10/22/2025 10:42:17 AM,10,4,1.43,,88,3,main,10,N_to_S,False,1.43,1.43,2025-10-22 10:42:17
10/22/2025 10:41:45 AM,11,4,1.805,,87,3,main,11,N_to_S,False,1.805,1.805,2025-10-22 10:41:45
10/22/2025 10:41:20 AM,12,4,1.16,,86,3,main,12,N_to_S,False,1.16,1.16,2025-10-22 10:41:20
10/22/2025 10:40:53 AM,13,4,0.97,,85,3,main,13,N_to_S,False,0.97,0.97,2025-10-22 10:40:53
10/22/2025 10:40:29 AM,14,4,1.245,,84,3,main,14,N_to_S,False,1.245,1.245,2025-10-22 10:40:29
10/22/2025 10:39:57 AM,15,4,1.89,,83,3,main,15,N_to_S,False,1.89,1.89,2025-10-22 10:39:57
10/22/2025 10:39:29 AM,16,4,1.15,,82,3,main,16,N_to_S,False,1.15,1.15,2025-10-22 10:39:29
10/22/2025 10:38:58 AM,17,4,1.205,,81,3,main,17,N_to_S,False,1.205,1.205,2025-10-22 10:38:58
10/22/2025 10:38:30 AM,18,4,1.12,,80,3,main,18,N_to_S,False,1.12,1.12,2025-10-22 10:38:30
10/22/2025 10:37:56 AM,19,4,1.41,,79,3,main,19,N_to_S,False,1.41,1.41,2025-10-22 10:37:56
10/22/2025 10:37:27 AM,20,4,1.01,,78,3,main,20,N_to_S,False,1.01,1.01,2025-10-22 10:37:27
10/22/2025 10:37:02 AM,21,4,1.595,,77,3,main,21,N_to_S,False,1.595,1.595,2025-10-22 10:37:02
10/22/2025 10:36:32 AM,22,4,0.96,,76,3,main,22,N_to_S,False,0.96,0.96,2025-10-22 10:36:32
10/22/2025 10:36:06 AM,23,4,1.19,,75,3,main,23,N_to_S,False,1.19,1.19,2025-10-22 10:36:06
10/22/2025 10:35:39 AM,24,4,0.715,,74,3,main,24,N_to_S,False,0.715,0.715,2025-10-22 10:35:39
10/22/2025 10:48:26 AM,1,5,0.435,,98,4,main,1,S_to_N,False,0.435,0.435,2025-10-22 10:48:26
10/22/2025 10:48:54 AM,2,5,0.535,,99,4,main,2,S_to_N,False,0.535,0.535,2025-10-22 10:48:54
10/22/2025 10:49:27 AM,3,5,0.45,,100,4,main,3,S_to_N,False,0.45,0.45,2025-10-22 10:49:27
10/22/2025 10:49:56 AM,4,5,0.93,,101,4,main,4,S_to_N,False,0.93,0.93,2025-10-22 10:49:56
10/22/2025 10:50:27 AM,5,5,0.96,,102,4,main,5,S_to_N,False,0.96,0.96,2025-10-22 10:50:27
10/22/2025 10:50:59 AM,6,5,0.91,,103,4,main,6,S_to_N,False,0.91,0.91,2025-10-22 10:50:59
10/22/2025 10:51:24 AM,7,5,0.565,,104,4,main,7,S_to_N,False,0.565,0.565,2025-10-22 10:51:24
10/22/2025 10:51:52 AM,8,5,0.885,,105,4,main,8,S_to_N,False,0.885,0.885,2025-10-22 10:51:52
10/22/2025 10:52:22 AM,9,5,0.975,,106,4,main,9,S_to_N,False,0.975,0.975,2025-10-22 10:52:22
10/22/2025 10:52:52 AM,10,5,1.23,,107,4,main,10,S_to_N,False,1.23,1.23,2025-10-22 10:52:52
10/22/2025 10:53:23 AM,11,5,1.485,,108,4,main,11,S_to_N,False,1.485,1.485,2025-10-22 10:53:23
10/22/2025 10:54:00 AM,12,5,0.735,,109,4,main,12,S_to_N,False,0.735,0.735,2025-10-22 10:54:00
10/22/2025 10:54:28 AM,13,5,1.255,,110,4,main,13,S_to_N,False,1.255,1.255,2025-10-22 10:54:28
10/22/2025 10:54:59 AM,14,5,1.2,,111,4,main,14,S_to_N,False,1.2,1.2,2025-10-22 10:54:59
10/22/2025 10:55:43 AM,15,5,1.42,,112,4,main,15,S_to_N,False,1.42,1.42,2025-10-22 10:55:43
10/22/2025 10:56:14 AM,16,5,0.965,,113,4,main,16,S_to_N,False,0.965,0.965,2025-10-22 10:56:14
10/22/2025 10:56:47 AM,17,5,1.305,,114,4,main,17,S_to_N,False,1.305,1.305,2025-10-22 10:56:47
10/22/2025 10:57:20 AM,18,5,1.13,,115,4,main,18,S_to_N,False,1.13,1.13,2025-10-22 10:57:20
10/22/2025 10:57:48 AM,19,5,0.84,,116,4,main,19,S_to_N,False,0.84,0.84,2025-10-22 10:57:48
10/22/2025 10:58:13 AM,20,5,1.185,,117,4,main,20,S_to_N,False,1.185,1.185,2025-10-22 10:58:13
10/22/2025 10:58:42 AM,21,5,1.16,,118,4,main,21,S_to_N,False,1.16,1.16,2025-10-22 10:58:42
10/22/2025 10:59:14 AM,22,5,1.365,,119,4,main,22,S_to_N,False,1.365,1.365,2025-10-22 10:59:14
10/22/2025 10:59:43 AM,23,5,1.11,,120,4,main,23,S_to_N,False,1.11,1.11,2025-10-22 10:59:43
10/22/2025 11:00:13 AM,24,5,0.965,,121,4,main,24,S_to_N,False,0.965,0.965,2025-10-22 11:00:13
10/22/2025 11:11:56 AM,1,6,1.08,,145,5,main,1,N_to_S,False,1.08,1.08,2025-10-22 11:11:56
10/22/2025 11:11:11 AM,2,6,0.355,,144,5,main,2,N_to_S,False,0.355,0.355,2025-10-22 11:11:11
10/22/2025 11:10:49 AM,3,6,0.59,,143,5,main,3,N_to_S,False,0.59,0.59,2025-10-22 11:10:49
10/22/2025 11:10:25 AM,4,6,0.46,,142,5,main,4,N_to_S,False,0.46,0.46,2025-10-22 11:10:25
10/22/2025 11:09:53 AM,5,6,0.95,,141,5,main,5,N_to_S,False,0.95,0.95,2025-10-22 11:09:53
10/22/2025 11:09:22 AM,6,6,0.215,,140,5,main,6,N_to_S,False,0.215,0.215,2025-10-22 11:09:22
10/22/2025 11:08:58 AM,7,6,0.405,,139,5,main,7,N_to_S,False,0.405,0.405,2025-10-22 11:08:58
10/22/2025 11:08:33 AM,8,6,0.56,,138,5,main,8,N_to_S,False,0.56,0.56,2025-10-22 11:08:33
10/22/2025 11:08:10 AM,9,6,0.435,,137,5,main,9,N_to_S,False,0.435,0.435,2025-10-22 11:08:10
10/22/2025 11:07:48 AM,10,6,1.125,,136,5,main,10,N_to_S,False,1.125,1.125,2025-10-22 11:07:48
10/22/2025 11:07:22 AM,11,6,0.93,,135,5,main,11,N_to_S,False,0.93,0.93,2025-10-22 11:07:22
10/22/2025 11:06:56 AM,12,6,1.27,,134,5,main,12,N_to_S,False,1.27,1.27,2025-10-22 11:06:56
10/22/2025 11:06:32 AM,13,6,1.305,,133,5,main,13,N_to_S,False,1.305,1.305,2025-10-22 11:06:32
10/22/2025 11:06:07 AM,14,6,1.27,,132,5,main,14,N_to_S,False,1.27,1.27,2025-10-22 11:06:07
10/22/2025 11:05:39 AM,15,6,1.135,,131,5,main,15,N_to_S,False,1.135,1.135,2025-10-22 11:05:39
10/22/2025 11:05:11 AM,16,6,1.1,,130,5,main,16,N_to_S,False,1.1,1.1,2025-10-22 11:05:11
10/22/2025 11:04:43 AM,17,6,0.635,,129,5,main,17,N_to_S,False,0.635,0.635,2025-10-22 11:04:43
10/22/2025 11:04:20 AM,18,6,0.66,,128,5,main,18,N_to_S,False,0.66,0.66,2025-10-22 11:04:20
10/22/2025 11:03:58 AM,19,6,1.3,,127,5,main,19,N_to_S,False,1.3,1.3,2025-10-22 11:03:58
10/22/2025 11:03:33 AM,20,6,0.795,,126,5,main,20,N_to_S,False,0.795,0.795,2025-10-22 11:03:33
10/22/2025 11:03:06 AM,21,6,0.98,,125,5,main,21,N_to_S,False,0.98,0.98,2025-10-22 11:03:06
10/22/2025 11:02:41 AM,22,6,1.065,,124,5,main,22,N_to_S,False,1.065,1.065,2025-10-22 11:02:41
10/22/2025 11:02:14 AM,23,6,0.895,,123,5,main,23,N_to_S,False,0.895,0.895,2025-10-22 11:02:14
10/22/2025 11:01:50 AM,24,6,0.49,,122,5,main,24,N_to_S,False,0.49,0.49,2025-10-22 11:01:50
10/22/2025 11:13:32 AM,1,7,1.09,,146,6,main,1,S_to_N,False,1.09,1.09,2025-10-22 11:13:32
10/22/2025 11:13:58 AM,2,7,1.185,,147,6,main,2,S_to_N,False,1.185,1.185,2025-10-22 11:13:58
10/22/2025 11:14:25 AM,3,7,1.47,,148,6,main,3,S_to_N,False,1.47,1.47,2025-10-22 11:14:25
10/22/2025 11:14:50 AM,4,7,1.17,,149,6,main,4,S_to_N,False,1.17,1.17,2025-10-22 11:14:50
10/22/2025 11:15:16 AM,5,7,1.185,,150,6,main,5,S_to_N,False,1.185,1.185,2025-10-22 11:15:16
10/22/2025 11:15:44 AM,6,7,1.295,,151,6,main,6,S_to_N,False,1.295,1.295,2025-10-22 11:15:44
10/22/2025 11:16:10 AM,7,7,1.225,,152,6,main,7,S_to_N,False,1.225,1.225,2025-10-22 11:16:10
10/22/2025 11:16:37 AM,8,7,1.2,,153,6,main,8,S_to_N,False,1.2,1.2,2025-10-22 11:16:37
10/22/2025 11:17:04 AM,9,7,1.825,,154,6,main,9,S_to_N,False,1.825,1.825,2025-10-22 11:17:04
10/22/2025 11:17:29 AM,10,7,1.44,,155,6,main,10,S_to_N,False,1.44,1.44,2025-10-22 11:17:29
10/22/2025 11:17:55 AM,11,7,2.02,,156,6,main,11,S_to_N,False,2.02,2.02,2025-10-22 11:17:55
10/22/2025 11:18:23 AM,12,7,1.545,,157,6,main,12,S_to_N,False,1.545,1.545,2025-10-22 11:18:23
10/22/2025 11:18:50 AM,13,7,2.025,,158,6,main,13,S_to_N,False,2.025,2.025,2025-10-22 11:18:50
10/22/2025 11:19:21 AM,14,7,1.62,,159,6,main,14,S_to_N,False,1.62,1.62,2025-10-22 11:19:21
10/22/2025 11:19:54 AM,15,7,1.79,,160,6,main,15,S_to_N,False,1.79,1.79,2025-10-22 11:19:54
10/22/2025 11:20:20 AM,16,7,1.245,,161,6,main,16,S_to_N,False,1.245,1.245,2025-10-22 11:20:20
10/22/2025 11:20:47 AM,17,7,1.535,,162,6,main,17,S_to_N,False,1.535,1.535,2025-10-22 11:20:47
10/22/2025 11:21:12 AM,18,7,1.555,,163,6,main,18,S_to_N,False,1.555,1.555,2025-10-22 11:21:12
10/22/2025 11:21:40 AM,19,7,2.165,,164,6,main,19,S_to_N,False,2.165,2.165,2025-10-22 11:21:40
10/22/2025 11:22:07 AM,20,7,1.83,,165,6,main,20,S_to_N,False,1.83,1.83,2025-10-22 11:22:07
10/22/2025 11:22:36 AM,21,7,2.045,,166,6,main,21,S_to_N,False,2.045,2.045,2025-10-22 11:22:36
10/22/2025 11:23:08 AM,22,7,1.755,,167,6,main,22,S_to_N,False,1.755,1.755,2025-10-22 11:23:08
10/22/2025 11:23:33 AM,23,7,2.075,,168,6,main,23,S_to_N,False,2.075,2.075,2025-10-22 11:23:33
10/22/2025 11:24:04 AM,24,7,1.35,,169,6,main,24,S_to_N,False,1.35,1.35,2025-10-22 11:24:04
10/22/2025 11:37:52 AM,1,8,0.89,,193,7,main,1,N_to_S,False,0.89,0.89,2025-10-22 11:37:52
10/22/2025 11:36:59 AM,2,8,1.055,,192,7,main,2,N_to_S,False,1.055,1.055,2025-10-22 11:36:59
10/22/2025 11:36:27 AM,3,8,0.39,,191,7,main,3,N_to_S,False,0.39,0.39,2025-10-22 11:36:27
10/22/2025 11:36:03 AM,4,8,0.53,,190,7,main,4,N_to_S,False,0.53,0.53,2025-10-22 11:36:03
10/22/2025 11:35:40 AM,5,8,0.54,,189,7,main,5,N_to_S,False,0.54,0.54,2025-10-22 11:35:40
10/22/2025 11:35:16 AM,6,8,0.39,,188,7,main,6,N_to_S,False,0.39,0.39,2025-10-22 11:35:16
10/22/2025 11:34:53 AM,7,8,0.495,,187,7,main,7,N_to_S,False,0.495,0.495,2025-10-22 11:34:53
10/22/2025 11:34:27 AM,8,8,0.34,,186,7,main,8,N_to_S,False,0.34,0.34,2025-10-22 11:34:27
10/22/2025 11:33:59 AM,9,8,0.66,,185,7,main,9,N_to_S,False,0.66,0.66,2025-10-22 11:33:59
10/22/2025 11:33:36 AM,10,8,1.05,,184,7,main,10,N_to_S,False,1.05,1.05,2025-10-22 11:33:36
10/22/2025 11:33:12 AM,11,8,0.62,,183,7,main,11,N_to_S,False,0.62,0.62,2025-10-22 11:33:12
10/22/2025 11:32:50 AM,12,8,1.005,,182,7,main,12,N_to_S,False,1.005,1.005,2025-10-22 11:32:50
10/22/2025 11:32:24 AM,13,8,0.675,,181,7,main,13,N_to_S,False,0.675,0.675,2025-10-22 11:32:24
10/22/2025 11:31:59 AM,14,8,1.385,,180,7,main,14,N_to_S,False,1.385,1.385,2025-10-22 11:31:59
10/22/2025 11:31:32 AM,15,8,0.635,,179,7,main,15,N_to_S,False,0.635,0.635,2025-10-22 11:31:32
10/22/2025 11:31:09 AM,16,8,0.87,,178,7,main,16,N_to_S,False,0.87,0.87,2025-10-22 11:31:09
10/22/2025 11:30:43 AM,17,8,1.165,,177,7,main,17,N_to_S,False,1.165,1.165,2025-10-22 11:30:43
10/22/2025 11:30:13 AM,18,8,0.925,,176,7,main,18,N_to_S,False,0.925,0.925,2025-10-22 11:30:13
10/22/2025 11:29:46 AM,19,8,1.28,,175,7,main,19,N_to_S,False,1.28,1.28,2025-10-22 11:29:46
10/22/2025 11:29:14 AM,20,8,0.425,,174,7,main,20,N_to_S,False,0.425,0.425,2025-10-22 11:29:14
10/22/2025 11:28:47 AM,21,8,0.97,,173,7,main,21,N_to_S,False,0.97,0.97,2025-10-22 11:28:47
10/22/2025 11:28:15 AM,22,8,1.19,,172,7,main,22,N_to_S,False,1.19,1.19,2025-10-22 11:28:15
10/22/2025 11:27:51 AM,23,8,1.19,,171,7,main,23,N_to_S,False,1.19,1.19,2025-10-22 11:27:51
10/22/2025 11:27:27 AM,24,8,0.41,,170,7,main,24,N_to_S,False,0.41,0.41,2025-10-22 11:27:27
10/22/2025 11:39:09 AM,1,9,0.36,,194,8,main,1,S_to_N,False,0.36,0.36,2025-10-22 11:39:09
10/22/2025 11:39:38 AM,2,9,0.76,,195,8,main,2,S_to_N,False,0.76,0.76,2025-10-22 11:39:38
10/22/2025 11:40:06 AM,3,9,0.91,,196,8,main,3,S_to_N,False,0.91,0.91,2025-10-22 11:40:06
10/22/2025 11:40:32 AM,4,9,0.575,,197,8,main,4,S_to_N,False,0.575,0.575,2025-10-22 11:40:32
10/22/2025 11:40:59 AM,5,9,0.7,,198,8,main,5,S_to_N,False,0.7,0.7,2025-10-22 11:40:59
10/22/2025 11:41:37 AM,6,9,0.885,,199,8,main,6,S_to_N,False,0.885,0.885,2025-10-22 11:41:37
10/22/2025 11:42:07 AM,7,9,1.08,,200,8,main,7,S_to_N,False,1.08,1.08,2025-10-22 11:42:07
10/22/2025 11:42:31 AM,8,9,0.565,,201,8,main,8,S_to_N,False,0.565,0.565,2025-10-22 11:42:31
10/22/2025 11:43:07 AM,9,9,0.77,,202,8,main,9,S_to_N,False,0.77,0.77,2025-10-22 11:43:07
10/22/2025 11:43:33 AM,10,9,1.065,,203,8,main,10,S_to_N,False,1.065,1.065,2025-10-22 11:43:33
10/22/2025 11:44:04 AM,11,9,0.755,,204,8,main,11,S_to_N,False,0.755,0.755,2025-10-22 11:44:04
10/22/2025 11:44:34 AM,12,9,0.865,,205,8,main,12,S_to_N,False,0.865,0.865,2025-10-22 11:44:34
10/22/2025 11:45:04 AM,13,9,1.115,,206,8,main,13,S_to_N,False,1.115,1.115,2025-10-22 11:45:04
10/22/2025 11:45:27 AM,14,9,0.78,,207,8,main,14,S_to_N,False,0.78,0.78,2025-10-22 11:45:27
10/22/2025 11:46:00 AM,15,9,1.305,,208,8,main,15,S_to_N,False,1.305,1.305,2025-10-22 11:46:00
10/22/2025 11:46:29 AM,16,9,0.705,,209,8,main,16,S_to_N,False,0.705,0.705,2025-10-22 11:46:29
10/22/2025 11:46:55 AM,17,9,1.1,,210,8,main,17,S_to_N,False,1.1,1.1,2025-10-22 11:46:55
10/22/2025 11:47:33 AM,18,9,1.06,,211,8,main,18,S_to_N,False,1.06,1.06,2025-10-22 11:47:33
10/22/2025 11:48:06 AM,19,9,1.495,,212,8,main,19,S_to_N,False,1.495,1.495,2025-10-22 11:48:06
10/22/2025 11:48:39 AM,20,9,1.095,,213,8,main,20,S_to_N,False,1.095,1.095,2025-10-22 11:48:39
10/22/2025 11:49:07 AM,21,9,1.73,,214,8,main,21,S_to_N,False,1.73,1.73,2025-10-22 11:49:07
10/22/2025 11:49:33 AM,22,9,1.21,,215,8,main,22,S_to_N,False,1.21,1.21,2025-10-22 11:49:33
10/22/2025 11:50:03 AM,23,9,1.18,,216,8,main,23,S_to_N,False,1.18,1.18,2025-10-22 11:50:03
10/22/2025 11:50:32 AM,24,9,1.075,,217,8,main,24,S_to_N,False,1.075,1.075,2025-10-22 11:50:32
10/22/2025 12:06:04 PM,1,10,1.115,,241,9,main,1,N_to_S,False,1.115,1.115,2025-10-22 12:06:04
10/22/2025 12:05:19 PM,2,10,0.785,,240,9,main,2,N_to_S,False,0.785,0.785,2025-10-22 12:05:19
10/22/2025 12:04:44 PM,3,10,1.16,,239,9,main,3,N_to_S,False,1.16,1.16,2025-10-22 12:04:44
10/22/2025 12:04:11 PM,4,10,1.39,,238,9,main,4,N_to_S,False,1.39,1.39,2025-10-22 12:04:11
10/22/2025 12:00:49 PM,5,10,0.795,,237,9,main,5,N_to_S,False,0.795,0.795,2025-10-22 12:00:49
10/22/2025 12:00:18 PM,6,10,0.775,,236,9,main,6,N_to_S,False,0.775,0.775,2025-10-22 12:00:18
10/22/2025 11:59:50 AM,7,10,0.9,,235,9,main,7,N_to_S,False,0.9,0.9,2025-10-22 11:59:50
10/22/2025 11:59:26 AM,8,10,1.085,,234,9,main,8,N_to_S,False,1.085,1.085,2025-10-22 11:59:26
10/22/2025 11:58:57 AM,9,10,0.645,,233,9,main,9,N_to_S,False,0.645,0.645,2025-10-22 11:58:57
10/22/2025 11:58:25 AM,10,10,1.76,,232,9,main,10,N_to_S,False,1.76,1.76,2025-10-22 11:58:25
10/22/2025 11:57:55 AM,11,10,0.74,,231,9,main,11,N_to_S,False,0.74,0.74,2025-10-22 11:57:55
10/22/2025 11:57:30 AM,12,10,1.165,,230,9,main,12,N_to_S,False,1.165,1.165,2025-10-22 11:57:30
10/22/2025 11:56:55 AM,13,10,0.9,,229,9,main,13,N_to_S,False,0.9,0.9,2025-10-22 11:56:55
10/22/2025 11:56:30 AM,14,10,0.375,,228,9,main,14,N_to_S,False,0.375,0.375,2025-10-22 11:56:30
10/22/2025 11:56:06 AM,15,10,0.78,,227,9,main,15,N_to_S,False,0.78,0.78,2025-10-22 11:56:06
10/22/2025 11:55:43 AM,16,10,0.735,,226,9,main,16,N_to_S,False,0.735,0.735,2025-10-22 11:55:43
10/22/2025 11:55:19 AM,17,10,1.275,,225,9,main,17,N_to_S,False,1.275,1.275,2025-10-22 11:55:19
10/22/2025 11:54:49 AM,18,10,1.035,,224,9,main,18,N_to_S,False,1.035,1.035,2025-10-22 11:54:49
10/22/2025 11:54:24 AM,19,10,0.555,,223,9,main,19,N_to_S,False,0.555,0.555,2025-10-22 11:54:24
10/22/2025 11:53:58 AM,20,10,0.8,,222,9,main,20,N_to_S,False,0.8,0.8,2025-10-22 11:53:58
10/22/2025 11:53:32 AM,21,10,1.56,,221,9,main,21,N_to_S,False,1.56,1.56,2025-10-22 11:53:32
10/22/2025 11:53:01 AM,22,10,0.98,,220,9,main,22,N_to_S,False,0.98,0.98,2025-10-22 11:53:01
10/22/2025 11:52:34 AM,23,10,0.985,,219,9,main,23,N_to_S,False,0.985,0.985,2025-10-22 11:52:34
10/22/2025 11:52:10 AM,24,10,0.545,,218,9,main,24,N_to_S,False,0.545,0.545,2025-10-22 11:52:10
10/22/2025 12:08:08 PM,1,11,0.64,,242,10,main,1,S_to_N,False,0.64,0.64,2025-10-22 12:08:08
10/22/2025 12:08:32 PM,2,11,0.4,,243,10,main,2,S_to_N,False,0.4,0.4,2025-10-22 12:08:32
10/22/2025 12:08:57 PM,3,11,0.25,,244,10,main,3,S_to_N,False,0.25,0.25,2025-10-22 12:08:57
10/22/2025 12:09:22 PM,4,11,0.72,,245,10,main,4,S_to_N,False,0.72,0.72,2025-10-22 12:09:22
10/22/2025 12:09:43 PM,5,11,0.13,,246,10,main,5,S_to_N,False,0.13,0.13,2025-10-22 12:09:43
10/22/2025 12:10:16 PM,6,11,1.11,,247,10,main,6,S_to_N,False,1.11,1.11,2025-10-22 12:10:16
10/22/2025 12:10:44 PM,7,11,1.225,,248,10,main,7,S_to_N,False,1.225,1.225,2025-10-22 12:10:44
10/22/2025 12:11:14 PM,8,11,0.93,,249,10,main,8,S_to_N,False,0.93,0.93,2025-10-22 12:11:14
10/22/2025 12:11:43 PM,9,11,0.965,,250,10,main,9,S_to_N,False,0.965,0.965,2025-10-22 12:11:43
10/22/2025 12:12:13 PM,10,11,0.865,,251,10,main,10,S_to_N,False,0.865,0.865,2025-10-22 12:12:13
10/22/2025 12:12:44 PM,11,11,1.495,,252,10,main,11,S_to_N,False,1.495,1.495,2025-10-22 12:12:44
10/22/2025 12:13:08 PM,12,11,1.075,,253,10,main,12,S_to_N,False,1.075,1.075,2025-10-22 12:13:08
10/22/2025 12:13:45 PM,13,11,1.11,,254,10,main,13,S_to_N,False,1.11,1.11,2025-10-22 12:13:45
10/22/2025 12:14:27 PM,14,11,1.52,,255,10,main,14,S_to_N,False,1.52,1.52,2025-10-22 12:14:27
10/22/2025 12:14:58 PM,15,11,1.405,,256,10,main,15,S_to_N,False,1.405,1.405,2025-10-22 12:14:58
10/22/2025 12:15:25 PM,16,11,0.88,,257,10,main,16,S_to_N,False,0.88,0.88,2025-10-22 12:15:25
10/22/2025 12:15:53 PM,17,11,1.58,,258,10,main,17,S_to_N,False,1.58,1.58,2025-10-22 12:15:53
10/22/2025 12:16:34 PM,18,11,1.67,,259,10,main,18,S_to_N,False,1.67,1.67,2025-10-22 12:16:34
10/22/2025 12:17:10 PM,19,11,1.635,,260,10,main,19,S_to_N,False,1.635,1.635,2025-10-22 12:17:10
10/22/2025 12:17:42 PM,20,11,1.405,,261,10,main,20,S_to_N,False,1.405,1.405,2025-10-22 12:17:42
10/22/2025 12:18:16 PM,21,11,1.385,,262,10,main,21,S_to_N,False,1.385,1.385,2025-10-22 12:18:16
10/22/2025 12:18:48 PM,22,11,1.64,,263,10,main,22,S_to_N,False,1.64,1.64,2025-10-22 12:18:48
10/22/2025 12:19:34 PM,23,11,1.525,,264,10,main,23,S_to_N,False,1.525,1.525,2025-10-22 12:19:34
10/22/2025 12:20:09 PM,24,11,1.465,,265,10,main,24,S_to_N,False,1.465,1.465,2025-10-22 12:20:09
10/22/2025 2:01:06 PM,1,12,0.77,,289,11,main,1,N_to_S,False,0.77,0.77,2025-10-22 14:01:06
10/22/2025 2:00:43 PM,2,12,0.635,,288,11,main,2,N_to_S,False,0.635,0.635,2025-10-22 14:00:43
10/22/2025 2:00:18 PM,3,12,0.225,,287,11,main,3,N_to_S,False,0.225,0.225,2025-10-22 14:00:18
10/22/2025 1:59:58 PM,4,12,0.9,,286,11,main,4,N_to_S,False,0.9,0.9,2025-10-22 13:59:58
10/22/2025 1:59:31 PM,5,12,0.595,,285,11,main,5,N_to_S,False,0.595,0.595,2025-10-22 13:59:31
10/22/2025 1:59:04 PM,6,12,1.045,,284,11,main,6,N_to_S,False,1.045,1.045,2025-10-22 13:59:04
10/22/2025 1:58:37 PM,7,12,1.27,,283,11,main,7,N_to_S,False,1.27,1.27,2025-10-22 13:58:37
10/22/2025 1:58:09 PM,8,12,1.09,,282,11,main,8,N_to_S,False,1.09,1.09,2025-10-22 13:58:09
10/22/2025 1:57:41 PM,9,12,1.24,,281,11,main,9,N_to_S,False,1.24,1.24,2025-10-22 13:57:41
10/22/2025 1:57:12 PM,10,12,1.05,,280,11,main,10,N_to_S,False,1.05,1.05,2025-10-22 13:57:12
10/22/2025 1:56:46 PM,11,12,1.29,,279,11,main,11,N_to_S,False,1.29,1.29,2025-10-22 13:56:46
10/22/2025 1:56:17 PM,12,12,1.14,,278,11,main,12,N_to_S,False,1.14,1.14,2025-10-22 13:56:17
10/22/2025 1:55:50 PM,13,12,1.115,,277,11,main,13,N_to_S,False,1.115,1.115,2025-10-22 13:55:50
10/22/2025 1:55:24 PM,14,12,1.73,,276,11,main,14,N_to_S,False,1.73,1.73,2025-10-22 13:55:24
10/22/2025 1:54:55 PM,15,12,1.68,,275,11,main,15,N_to_S,False,1.68,1.68,2025-10-22 13:54:55
10/22/2025 1:54:28 PM,16,12,1.245,,274,11,main,16,N_to_S,False,1.245,1.245,2025-10-22 13:54:28
10/22/2025 1:54:03 PM,17,12,1.395,,273,11,main,17,N_to_S,False,1.395,1.395,2025-10-22 13:54:03
10/22/2025 1:53:37 PM,18,12,1.385,,272,11,main,18,N_to_S,False,1.385,1.385,2025-10-22 13:53:37
10/22/2025 1:53:05 PM,19,12,1.275,,271,11,main,19,N_to_S,False,1.275,1.275,2025-10-22 13:53:05
10/22/2025 1:52:39 PM,20,12,1.11,,270,11,main,20,N_to_S,False,1.11,1.11,2025-10-22 13:52:39
10/22/2025 1:52:13 PM,21,12,1.345,,269,11,main,21,N_to_S,False,1.345,1.345,2025-10-22 13:52:13
10/22/2025 1:51:43 PM,22,12,1.155,,268,11,main,22,N_to_S,False,1.155,1.155,2025-10-22 13:51:43
10/22/2025 1:51:15 PM,23,12,1.775,,267,11,main,23,N_to_S,False,1.775,1.775,2025-10-22 13:51:15
10/22/2025 1:50:47 PM,24,12,0.74,,266,11,main,24,N_to_S,False,0.74,0.74,2025-10-22 13:50:47
10/22/2025 2:02:39 PM,1,13,0.68,,290,12,main,1,S_to_N,False,0.68,0.68,2025-10-22 14:02:39
10/22/2025 2:03:09 PM,2,13,0.635,,291,12,main,2,S_to_N,False,0.635,0.635,2025-10-22 14:03:09
10/22/2025 2:03:30 PM,3,13,0.43,,292,12,main,3,S_to_N,False,0.43,0.43,2025-10-22 14:03:30
10/22/2025 2:03:56 PM,4,13,0.8,,293,12,main,4,S_to_N,False,0.8,0.8,2025-10-22 14:03:56
10/22/2025 2:04:21 PM,5,13,0.825,,294,12,main,5,S_to_N,False,0.825,0.825,2025-10-22 14:04:21
10/22/2025 2:04:46 PM,6,13,1.625,,295,12,main,6,S_to_N,False,1.625,1.625,2025-10-22 14:04:46
10/22/2025 2:05:11 PM,7,13,0.945,,296,12,main,7,S_to_N,False,0.945,0.945,2025-10-22 14:05:11
10/22/2025 2:05:38 PM,8,13,1.39,,297,12,main,8,S_to_N,False,1.39,1.39,2025-10-22 14:05:38
10/22/2025 2:06:02 PM,9,13,0.96,,298,12,main,9,S_to_N,False,0.96,0.96,2025-10-22 14:06:02
10/22/2025 2:06:27 PM,10,13,1.1,,299,12,main,10,S_to_N,False,1.1,1.1,2025-10-22 14:06:27
10/22/2025 2:06:53 PM,11,13,1.63,,300,12,main,11,S_to_N,False,1.63,1.63,2025-10-22 14:06:53
10/22/2025 2:07:18 PM,12,13,1.355,,301,12,main,12,S_to_N,False,1.355,1.355,2025-10-22 14:07:18
10/22/2025 2:07:43 PM,13,13,1.2,,302,12,main,13,S_to_N,False,1.2,1.2,2025-10-22 14:07:43
10/22/2025 2:08:06 PM,14,13,0.885,,303,12,main,14,S_to_N,False,0.885,0.885,2025-10-22 14:08:06
10/22/2025 2:08:33 PM,15,13,0.61,,304,12,main,15,S_to_N,False,0.61,0.61,2025-10-22 14:08:33
10/22/2025 2:08:58 PM,16,13,1.14,,305,12,main,16,S_to_N,False,1.14,1.14,2025-10-22 14:08:58
10/22/2025 2:09:22 PM,17,13,1.295,,306,12,main,17,S_to_N,False,1.295,1.295,2025-10-22 14:09:22
10/22/2025 2:09:48 PM,18,13,1.01,,307,12,main,18,S_to_N,False,1.01,1.01,2025-10-22 14:09:48
10/22/2025 2:10:15 PM,19,13,0.93,,308,12,main,19,S_to_N,False,0.93,0.93,2025-10-22 14:10:15
10/22/2025 2:10:41 PM,20,13,1.045,,309,12,main,20,S_to_N,False,1.045,1.045,2025-10-22 14:10:41
10/22/2025 2:11:09 PM,21,13,1.08,,310,12,main,21,S_to_N,False,1.08,1.08,2025-10-22 14:11:09
10/22/2025 2:11:35 PM,22,13,1.195,,311,12,main,22,S_to_N,False,1.195,1.195,2025-10-22 14:11:35
10/22/2025 2:12:01 PM,23,13,0.84,,312,12,main,23,S_to_N,False,0.84,0.84,2025-10-22 14:12:01
10/22/2025 2:12:23 PM,24,13,0.66,,313,12,main,24,S_to_N,False,0.66,0.66,2025-10-22 14:12:23
10/22/2025 2:23:35 PM,1,14,0.685,,337,13,main,1,N_to_S,False,0.685,0.685,2025-10-22 14:23:35
10/22/2025 2:23:09 PM,2,14,0.685,,336,13,main,2,N_to_S,False,0.685,0.685,2025-10-22 14:23:09
10/22/2025 2:22:42 PM,3,14,1.19,,335,13,main,3,N_to_S,False,1.19,1.19,2025-10-22 14:22:42
10/22/2025 2:22:15 PM,4,14,0.835,,334,13,main,4,N_to_S,False,0.835,0.835,2025-10-22 14:22:15
10/22/2025 2:21:50 PM,5,14,0.705,,333,13,main,5,N_to_S,False,0.705,0.705,2025-10-22 14:21:50
10/22/2025 2:21:24 PM,6,14,0.5,,332,13,main,6,N_to_S,False,0.5,0.5,2025-10-22 14:21:24
10/22/2025 2:21:03 PM,7,14,0.325,,331,13,main,7,N_to_S,False,0.325,0.325,2025-10-22 14:21:03
10/22/2025 2:20:38 PM,8,14,0.02,,330,13,main,8,N_to_S,False,0.02,0.02,2025-10-22 14:20:38
10/22/2025 2:20:14 PM,9,14,0.885,,329,13,main,9,N_to_S,False,0.885,0.885,2025-10-22 14:20:14
10/22/2025 2:19:47 PM,10,14,0.84,,328,13,main,10,N_to_S,False,0.84,0.84,2025-10-22 14:19:47
10/22/2025 2:19:12 PM,11,14,1.03,,327,13,main,11,N_to_S,False,1.03,1.03,2025-10-22 14:19:12
10/22/2025 2:18:47 PM,12,14,1.185,,326,13,main,12,N_to_S,False,1.185,1.185,2025-10-22 14:18:47
10/22/2025 2:18:21 PM,13,14,0.99,,325,13,main,13,N_to_S,False,0.99,0.99,2025-10-22 14:18:21
10/22/2025 2:17:50 PM,14,14,0.905,,324,13,main,14,N_to_S,False,0.905,0.905,2025-10-22 14:17:50
10/22/2025 2:17:24 PM,15,14,0.91,,323,13,main,15,N_to_S,False,0.91,0.91,2025-10-22 14:17:24
10/22/2025 2:16:59 PM,16,14,0.96,,322,13,main,16,N_to_S,False,0.96,0.96,2025-10-22 14:16:59
10/22/2025 2:16:32 PM,17,14,0.61,,321,13,main,17,N_to_S,False,0.61,0.61,2025-10-22 14:16:32
10/22/2025 2:16:05 PM,18,14,1.21,,320,13,main,18,N_to_S,False,1.21,1.21,2025-10-22 14:16:05
10/22/2025 2:15:42 PM,19,14,0.715,,319,13,main,19,N_to_S,False,0.715,0.715,2025-10-22 14:15:42
10/22/2025 2:15:20 PM,20,14,1.125,,318,13,main,20,N_to_S,False,1.125,1.125,2025-10-22 14:15:20
10/22/2025 2:14:50 PM,21,14,0.85,,317,13,main,21,N_to_S,False,0.85,0.85,2025-10-22 14:14:50
10/22/2025 2:14:27 PM,22,14,0.66,,316,13,main,22,N_to_S,False,0.66,0.66,2025-10-22 14:14:27
10/22/2025 2:14:04 PM,23,14,0.47,,315,13,main,23,N_to_S,False,0.47,0.47,2025-10-22 14:14:04
10/22/2025 2:13:44 PM,24,14,0.57,,314,13,main,24,N_to_S,False,0.57,0.57,2025-10-22 14:13:44
10/22/2025 2:24:58 PM,1,15,0.575,,338,14,main,1,S_to_N,False,0.575,0.575,2025-10-22 14:24:58
10/22/2025 2:25:21 PM,2,15,1.32,,339,14,main,2,S_to_N,False,1.32,1.32,2025-10-22 14:25:21
10/22/2025 2:25:47 PM,3,15,1.27,,340,14,main,3,S_to_N,False,1.27,1.27,2025-10-22 14:25:47
10/22/2025 2:26:12 PM,4,15,0.615,,341,14,main,4,S_to_N,False,0.615,0.615,2025-10-22 14:26:12
10/22/2025 2:26:43 PM,5,15,1.205,,342,14,main,5,S_to_N,False,1.205,1.205,2025-10-22 14:26:43
10/22/2025 2:27:10 PM,6,15,1.475,,343,14,main,6,S_to_N,False,1.475,1.475,2025-10-22 14:27:10
10/22/2025 2:27:37 PM,7,15,0.885,,344,14,main,7,S_to_N,False,0.885,0.885,2025-10-22 14:27:37
10/22/2025 2:28:02 PM,8,15,1.235,,345,14,main,8,S_to_N,False,1.235,1.235,2025-10-22 14:28:02
10/22/2025 2:28:28 PM,9,15,0.91,,346,14,main,9,S_to_N,False,0.91,0.91,2025-10-22 14:28:28
10/22/2025 2:28:53 PM,10,15,0.87,,347,14,main,10,S_to_N,False,0.87,0.87,2025-10-22 14:28:53
10/22/2025 2:29:18 PM,11,15,1.2,,348,14,main,11,S_to_N,False,1.2,1.2,2025-10-22 14:29:18
10/22/2025 2:29:41 PM,12,15,0.795,,349,14,main,12,S_to_N,False,0.795,0.795,2025-10-22 14:29:41
10/22/2025 2:30:05 PM,13,15,1.405,,350,14,main,13,S_to_N,False,1.405,1.405,2025-10-22 14:30:05
10/22/2025 2:30:30 PM,14,15,0.925,,351,14,main,14,S_to_N,False,0.925,0.925,2025-10-22 14:30:30
10/22/2025 2:30:55 PM,15,15,0.965,,352,14,main,15,S_to_N,False,0.965,0.965,2025-10-22 14:30:55
10/22/2025 2:31:18 PM,16,15,0.905,,353,14,main,16,S_to_N,False,0.905,0.905,2025-10-22 14:31:18
10/22/2025 2:31:39 PM,17,15,0.745,,354,14,main,17,S_to_N,False,0.745,0.745,2025-10-22 14:31:39
10/22/2025 2:32:06 PM,18,15,0.83,,355,14,main,18,S_to_N,False,0.83,0.83,2025-10-22 14:32:06
10/22/2025 2:32:35 PM,19,15,0.815,,356,14,main,19,S_to_N,False,0.815,0.815,2025-10-22 14:32:35
10/22/2025 2:33:03 PM,20,15,0.935,,357,14,main,20,S_to_N,False,0.935,0.935,2025-10-22 14:33:03
10/22/2025 2:33:27 PM,21,15,1.01,,358,14,main,21,S_to_N,False,1.01,1.01,2025-10-22 14:33:27
10/22/2025 2:33:52 PM,22,15,0.43,,359,14,main,22,S_to_N,False,0.43,0.43,2025-10-22 14:33:52
10/22/2025 2:34:21 PM,23,15,0.815,,360,14,main,23,S_to_N,False,0.815,0.815,2025-10-22 14:34:21
10/22/2025 2:34:47 PM,24,15,0.48,,361,14,main,24,S_to_N,False,0.48,0.48,2025-10-22 14:34:47
10/22/2025 2:47:39 PM,1,16,1.21,,385,15,main,1,N_to_S,False,1.21,1.21,2025-10-22 14:47:39
10/22/2025 2:47:15 PM,2,16,0.935,,384,15,main,2,N_to_S,False,0.935,0.935,2025-10-22 14:47:15
10/22/2025 2:46:52 PM,3,16,1.14,,383,15,main,3,N_to_S,False,1.14,1.14,2025-10-22 14:46:52
10/22/2025 2:46:27 PM,4,16,1.57,,382,15,main,4,N_to_S,False,1.57,1.57,2025-10-22 14:46:27
10/22/2025 2:46:04 PM,5,16,1.03,,381,15,main,5,N_to_S,False,1.03,1.03,2025-10-22 14:46:04
10/22/2025 2:45:41 PM,6,16,1.375,,380,15,main,6,N_to_S,False,1.375,1.375,2025-10-22 14:45:41
10/22/2025 2:45:15 PM,7,16,1.665,,379,15,main,7,N_to_S,False,1.665,1.665,2025-10-22 14:45:15
10/22/2025 2:44:51 PM,8,16,0.54,,378,15,main,8,N_to_S,False,0.54,0.54,2025-10-22 14:44:51
10/22/2025 2:43:01 PM,9,16,1.21,,377,15,main,9,N_to_S,False,1.21,1.21,2025-10-22 14:43:01
10/22/2025 2:42:34 PM,10,16,1.035,,376,15,main,10,N_to_S,False,1.035,1.035,2025-10-22 14:42:34
10/22/2025 2:42:11 PM,11,16,1.125,,375,15,main,11,N_to_S,False,1.125,1.125,2025-10-22 14:42:11
10/22/2025 2:41:42 PM,12,16,1.365,,374,15,main,12,N_to_S,False,1.365,1.365,2025-10-22 14:41:42
10/22/2025 2:41:15 PM,13,16,0.84,,373,15,main,13,N_to_S,False,0.84,0.84,2025-10-22 14:41:15
10/22/2025 2:40:52 PM,14,16,1.585,,372,15,main,14,N_to_S,False,1.585,1.585,2025-10-22 14:40:52
10/22/2025 2:40:24 PM,15,16,1.56,,371,15,main,15,N_to_S,False,1.56,1.56,2025-10-22 14:40:24
10/22/2025 2:39:56 PM,16,16,1.09,,370,15,main,16,N_to_S,False,1.09,1.09,2025-10-22 14:39:56
10/22/2025 2:39:30 PM,17,16,1.945,,369,15,main,17,N_to_S,False,1.945,1.945,2025-10-22 14:39:30
10/22/2025 2:39:05 PM,18,16,1.635,,368,15,main,18,N_to_S,False,1.635,1.635,2025-10-22 14:39:05
10/22/2025 2:38:38 PM,19,16,1.26,,367,15,main,19,N_to_S,False,1.26,1.26,2025-10-22 14:38:38
10/22/2025 2:38:11 PM,20,16,1.415,,366,15,main,20,N_to_S,False,1.415,1.415,2025-10-22 14:38:11
10/22/2025 2:37:44 PM,21,16,2.28,,365,15,main,21,N_to_S,False,2.28,2.28,2025-10-22 14:37:44
10/22/2025 2:37:15 PM,22,16,1.135,,364,15,main,22,N_to_S,False,1.135,1.135,2025-10-22 14:37:15
10/22/2025 2:36:47 PM,23,16,1.72,,363,15,main,23,N_to_S,False,1.72,1.72,2025-10-22 14:36:47
10/22/2025 2:36:18 PM,24,16,1.085,,362,15,main,24,N_to_S,False,1.085,1.085,2025-10-22 14:36:18
10/22/2025 3:08:38 PM,1,17,0.48,,386,16,main,1,S_to_N,False,0.48,0.48,2025-10-22 15:08:38
10/22/2025 3:09:04 PM,2,17,0.595,,387,16,main,2,S_to_N,False,0.595,0.595,2025-10-22 15:09:04
10/22/2025 3:09:31 PM,3,17,1.08,,388,16,main,3,S_to_N,False,1.08,1.08,2025-10-22 15:09:31
10/22/2025 3:10:01 PM,4,17,0.68,,389,16,main,4,S_to_N,False,0.68,0.68,2025-10-22 15:10:01
10/22/2025 3:10:24 PM,5,17,1.26,,390,16,main,5,S_to_N,False,1.26,1.26,2025-10-22 15:10:24
10/22/2025 3:10:48 PM,6,17,1.02,,391,16,main,6,S_to_N,False,1.02,1.02,2025-10-22 15:10:48
10/22/2025 3:11:14 PM,7,17,0.2,,392,16,main,7,S_to_N,False,0.2,0.2,2025-10-22 15:11:14
10/22/2025 3:11:42 PM,8,17,0.58,,393,16,main,8,S_to_N,False,0.58,0.58,2025-10-22 15:11:42
10/22/2025 3:12:09 PM,9,17,0.16,,394,16,main,9,S_to_N,False,0.16,0.16,2025-10-22 15:12:09
10/22/2025 3:12:33 PM,10,17,0.665,,395,16,main,10,S_to_N,False,0.665,0.665,2025-10-22 15:12:33
10/22/2025 3:12:57 PM,11,17,1.255,,396,16,main,11,S_to_N,False,1.255,1.255,2025-10-22 15:12:57
10/22/2025 3:13:24 PM,12,17,0.62,,397,16,main,12,S_to_N,False,0.62,0.62,2025-10-22 15:13:24
10/22/2025 3:13:48 PM,13,17,0.625,,398,16,main,13,S_to_N,False,0.625,0.625,2025-10-22 15:13:48
10/22/2025 3:14:14 PM,14,17,0.555,,399,16,main,14,S_to_N,False,0.555,0.555,2025-10-22 15:14:14
10/22/2025 3:14:41 PM,15,17,0.135,,400,16,main,15,S_to_N,False,0.135,0.135,2025-10-22 15:14:41
10/22/2025 3:15:07 PM,16,17,0.71,,401,16,main,16,S_to_N,False,0.71,0.71,2025-10-22 15:15:07
10/22/2025 3:15:33 PM,17,17,1.05,,402,16,main,17,S_to_N,False,1.05,1.05,2025-10-22 15:15:33
10/22/2025 3:15:55 PM,18,17,0.76,,403,16,main,18,S_to_N,False,0.76,0.76,2025-10-22 15:15:55
10/22/2025 3:16:20 PM,19,17,0.575,,404,16,main,19,S_to_N,False,0.575,0.575,2025-10-22 15:16:20
10/22/2025 3:16:43 PM,20,17,0.505,,405,16,main,20,S_to_N,False,0.505,0.505,2025-10-22 15:16:43
10/22/2025 3:17:06 PM,21,17,0.23,,406,16,main,21,S_to_N,False,0.23,0.23,2025-10-22 15:17:06
10/22/2025 3:17:28 PM,22,17,0.075,,407,16,main,22,S_to_N,False,0.075,0.075,2025-10-22 15:17:28
10/22/2025 3:17:55 PM,23,17,0.25,,408,16,main,23,S_to_N,False,0.25,0.25,2025-10-22 15:17:55
10/22/2025 3:18:21 PM,24,17,0.38,,409,16,main,24,S_to_N,False,0.38,0.38,2025-10-22 15:18:21
10/22/2025 3:29:14 PM,1,18,1.075,,433,17,main,1,N_to_S,False,1.075,1.075,2025-10-22 15:29:14
10/22/2025 3:28:46 PM,2,18,1.31,,432,17,main,2,N_to_S,False,1.31,1.31,2025-10-22 15:28:46
10/22/2025 3:28:20 PM,3,18,0.92,,431,17,main,3,N_to_S,False,0.92,0.92,2025-10-22 15:28:20
10/22/2025 3:27:57 PM,4,18,1.19,,430,17,main,4,N_to_S,False,1.19,1.19,2025-10-22 15:27:57
10/22/2025 3:27:33 PM,5,18,0.685,,429,17,main,5,N_to_S,False,0.685,0.685,2025-10-22 15:27:33
10/22/2025 3:27:07 PM,6,18,0.925,,428,17,main,6,N_to_S,False,0.925,0.925,2025-10-22 15:27:07
10/22/2025 3:26:41 PM,7,18,0.73,,427,17,main,7,N_to_S,False,0.73,0.73,2025-10-22 15:26:41
10/22/2025 3:26:16 PM,8,18,0.785,,426,17,main,8,N_to_S,False,0.785,0.785,2025-10-22 15:26:16
10/22/2025 3:25:48 PM,9,18,0.46,,425,17,main,9,N_to_S,False,0.46,0.46,2025-10-22 15:25:48
10/22/2025 3:25:23 PM,10,18,0.855,,424,17,main,10,N_to_S,False,0.855,0.855,2025-10-22 15:25:23
10/22/2025 3:24:58 PM,11,18,0.75,,423,17,main,11,N_to_S,False,0.75,0.75,2025-10-22 15:24:58
10/22/2025 3:24:33 PM,12,18,0.78,,422,17,main,12,N_to_S,False,0.78,0.78,2025-10-22 15:24:33
10/22/2025 3:24:09 PM,13,18,0.665,,421,17,main,13,N_to_S,False,0.665,0.665,2025-10-22 15:24:09
10/22/2025 3:23:42 PM,14,18,0.735,,420,17,main,14,N_to_S,False,0.735,0.735,2025-10-22 15:23:42
10/22/2025 3:23:18 PM,15,18,0.81,,419,17,main,15,N_to_S,False,0.81,0.81,2025-10-22 15:23:18
10/22/2025 3:22:56 PM,16,18,1.045,,418,17,main,16,N_to_S,False,1.045,1.045,2025-10-22 15:22:56
10/22/2025 3:22:30 PM,17,18,1.095,,417,17,main,17,N_to_S,False,1.095,1.095,2025-10-22 15:22:30
10/22/2025 3:22:07 PM,18,18,0.665,,416,17,main,18,N_to_S,False,0.665,0.665,2025-10-22 15:22:07
10/22/2025 3:21:42 PM,19,18,0.585,,415,17,main,19,N_to_S,False,0.585,0.585,2025-10-22 15:21:42
10/22/2025 3:21:19 PM,20,18,0.99,,414,17,main,20,N_to_S,False,0.99,0.99,2025-10-22 15:21:19
10/22/2025 3:20:56 PM,21,18,1.025,,413,17,main,21,N_to_S,False,1.025,1.025,2025-10-22 15:20:56
10/22/2025 3:20:28 PM,22,18,1.07,,412,17,main,22,N_to_S,False,1.07,1.07,2025-10-22 15:20:28
10/22/2025 3:20:01 PM,23,18,0.475,,411,17,main,23,N_to_S,False,0.475,0.475,2025-10-22 15:20:01
10/22/2025 3:19:37 PM,24,18,0.105,,410,17,main,24,N_to_S,False,0.105,0.105,2025-10-22 15:19:37
10/22/2025 3:31:03 PM,1,19,0.81,,434,18,main,1,S_to_N,False,0.81,0.81,2025-10-22 15:31:03
10/22/2025 3:31:32 PM,2,19,1.29,,435,18,main,2,S_to_N,False,1.29,1.29,2025-10-22 15:31:32
10/22/2025 3:32:01 PM,3,19,1.175,,436,18,main,3,S_to_N,False,1.175,1.175,2025-10-22 15:32:01
10/22/2025 3:32:26 PM,4,19,1.615,,437,18,main,4,S_to_N,False,1.615,1.615,2025-10-22 15:32:26
10/22/2025 3:32:53 PM,5,19,1.37,,438,18,main,5,S_to_N,False,1.37,1.37,2025-10-22 15:32:53
10/22/2025 3:33:19 PM,6,19,1.39,,439,18,main,6,S_to_N,False,1.39,1.39,2025-10-22 15:33:19
10/22/2025 3:33:43 PM,7,19,1.07,,440,18,main,7,S_to_N,False,1.07,1.07,2025-10-22 15:33:43
10/22/2025 3:34:05 PM,8,19,0.945,,441,18,main,8,S_to_N,False,0.945,0.945,2025-10-22 15:34:05
10/22/2025 3:34:28 PM,9,19,1.275,,442,18,main,9,S_to_N,False,1.275,1.275,2025-10-22 15:34:28
10/22/2025 3:34:50 PM,10,19,0.62,,443,18,main,10,S_to_N,False,0.62,0.62,2025-10-22 15:34:50
10/22/2025 3:35:14 PM,11,19,1.21,,444,18,main,11,S_to_N,False,1.21,1.21,2025-10-22 15:35:14
10/22/2025 3:35:39 PM,12,19,1.015,,445,18,main,12,S_to_N,False,1.015,1.015,2025-10-22 15:35:39
10/22/2025 3:36:03 PM,13,19,1.35,,446,18,main,13,S_to_N,False,1.35,1.35,2025-10-22 15:36:03
10/22/2025 3:36:32 PM,14,19,1.035,,447,18,main,14,S_to_N,False,1.035,1.035,2025-10-22 15:36:32
10/22/2025 3:36:55 PM,15,19,0.84,,448,18,main,15,S_to_N,False,0.84,0.84,2025-10-22 15:36:55
10/22/2025 3:37:24 PM,16,19,0.775,,449,18,main,16,S_to_N,False,0.775,0.775,2025-10-22 15:37:24
10/22/2025 3:37:49 PM,17,19,1.145,,450,18,main,17,S_to_N,False,1.145,1.145,2025-10-22 15:37:49
10/22/2025 3:38:13 PM,18,19,0.85,,451,18,main,18,S_to_N,False,0.85,0.85,2025-10-22 15:38:13
10/22/2025 3:38:37 PM,19,19,1.6,,452,18,main,19,S_to_N,False,1.6,1.6,2025-10-22 15:38:37
10/22/2025 3:39:05 PM,20,19,1.33,,453,18,main,20,S_to_N,False,1.33,1.33,2025-10-22 15:39:05
10/22/2025 3:39:29 PM,21,19,1.0,,454,18,main,21,S_to_N,False,1.0,1.0,2025-10-22 15:39:29
10/22/2025 3:39:58 PM,22,19,1.295,,455,18,main,22,S_to_N,False,1.295,1.295,2025-10-22 15:39:58
10/22/2025 3:40:23 PM,23,19,1.275,,456,18,main,23,S_to_N,False,1.275,1.275,2025-10-22 15:40:23
10/22/2025 3:40:46 PM,24,19,0.925,,457,18,main,24,S_to_N,False,0.925,0.925,2025-10-22 15:40:46
10/23/2025 9:47:26 AM,1,20,1.66,,481,19,main,1,N_to_S,False,1.66,1.66,2025-10-23 09:47:26
10/23/2025 9:46:58 AM,2,20,0.7,,480,19,main,2,N_to_S,False,0.7,0.7,2025-10-23 09:46:58
10/23/2025 9:46:33 AM,3,20,0.69,,479,19,main,3,N_to_S,False,0.69,0.69,2025-10-23 09:46:33
10/23/2025 9:46:03 AM,4,20,1.165,,478,19,main,4,N_to_S,False,1.165,1.165,2025-10-23 09:46:03
10/23/2025 9:45:34 AM,5,20,1.155,,477,19,main,5,N_to_S,False,1.155,1.155,2025-10-23 09:45:34
10/23/2025 9:45:05 AM,6,20,1.025,,476,19,main,6,N_to_S,False,1.025,1.025,2025-10-23 09:45:05
10/23/2025 9:44:29 AM,7,20,0.58,,475,19,main,7,N_to_S,False,0.58,0.58,2025-10-23 09:44:29
10/23/2025 9:43:52 AM,8,20,0.69,,474,19,main,8,N_to_S,False,0.69,0.69,2025-10-23 09:43:52
10/23/2025 9:43:18 AM,9,20,0.18,,473,19,main,9,N_to_S,False,0.18,0.18,2025-10-23 09:43:18
10/23/2025 9:42:48 AM,10,20,0.345,,472,19,main,10,N_to_S,False,0.345,0.345,2025-10-23 09:42:48
10/23/2025 9:42:07 AM,11,20,0.44,,471,19,main,11,N_to_S,False,0.44,0.44,2025-10-23 09:42:07
10/22/2025 3:47:24 PM,12,20,0.365,machine issue plot weight likely incorrect,470,19,main,12,N_to_S,True,0.365,,2025-10-22 15:47:24
10/22/2025 3:46:54 PM,13,20,0.975,,469,19,main,13,N_to_S,False,0.975,0.975,2025-10-22 15:46:54
10/22/2025 3:46:29 PM,14,20,0.72,,468,19,main,14,N_to_S,False,0.72,0.72,2025-10-22 15:46:29
10/22/2025 3:46:04 PM,15,20,0.565,,467,19,main,15,N_to_S,False,0.565,0.565,2025-10-22 15:46:04
10/22/2025 3:45:27 PM,16,20,0.195,,466,19,main,16,N_to_S,False,0.195,0.195,2025-10-22 15:45:27
10/22/2025 3:45:05 PM,17,20,0.455,,465,19,main,17,N_to_S,False,0.455,0.455,2025-10-22 15:45:05
10/22/2025 3:44:40 PM,18,20,0.165,,464,19,main,18,N_to_S,False,0.165,0.165,2025-10-22 15:44:40
10/22/2025 3:44:20 PM,19,20,0.545,,463,19,main,19,N_to_S,False,0.545,0.545,2025-10-22 15:44:20
10/22/2025 3:43:53 PM,20,20,0.455,,462,19,main,20,N_to_S,False,0.455,0.455,2025-10-22 15:43:53
10/22/2025 3:43:32 PM,21,20,0.685,,461,19,main,21,N_to_S,False,0.685,0.685,2025-10-22 15:43:32
10/22/2025 3:43:04 PM,22,20,0.605,,460,19,main,22,N_to_S,False,0.605,0.605,2025-10-22 15:43:04
10/22/2025 3:42:33 PM,23,20,0.72,,459,19,main,23,N_to_S,False,0.72,0.72,2025-10-22 15:42:33
10/22/2025 3:42:07 PM,24,20,0.445,,458,19,main,24,N_to_S,False,0.445,0.445,2025-10-22 15:42:07
10/23/2025 9:49:57 AM,1,1,0.42,,1,20,west_last_pass,1,S_to_N,False,0.42,0.42,2025-10-23 09:49:57
10/23/2025 9:50:27 AM,2,1,0.865,,2,20,west_last_pass,2,S_to_N,False,0.865,0.865,2025-10-23 09:50:27
10/23/2025 9:50:55 AM,3,1,1.39,,3,20,west_last_pass,3,S_to_N,False,1.39,1.39,2025-10-23 09:50:55
10/23/2025 9:51:21 AM,4,1,1.56,,4,20,west_last_pass,4,S_to_N,False,1.56,1.56,2025-10-23 09:51:21
10/23/2025 9:51:46 AM,5,1,1.015,,5,20,west_last_pass,5,S_to_N,False,1.015,1.015,2025-10-23 09:51:46
10/23/2025 9:52:16 AM,6,1,0.87,,6,20,west_last_pass,6,S_to_N,False,0.87,0.87,2025-10-23 09:52:16
10/23/2025 9:52:44 AM,7,1,1.53,,7,20,west_last_pass,7,S_to_N,False,1.53,1.53,2025-10-23 09:52:44
10/23/2025 9:53:08 AM,8,1,0.96,,8,20,west_last_pass,8,S_to_N,False,0.96,0.96,2025-10-23 09:53:08
10/23/2025 9:53:34 AM,9,1,0.565,,9,20,west_last_pass,9,S_to_N,False,0.565,0.565,2025-10-23 09:53:34
10/23/2025 9:54:01 AM,10,1,0.41,,10,20,west_last_pass,10,S_to_N,False,0.41,0.41,2025-10-23 09:54:01
10/23/2025 9:54:32 AM,11,1,0.71,,11,20,west_last_pass,11,S_to_N,False,0.71,0.71,2025-10-23 09:54:32
10/23/2025 9:54:58 AM,12,1,0.895,,12,20,west_last_pass,12,S_to_N,False,0.895,0.895,2025-10-23 09:54:58
10/23/2025 9:55:23 AM,13,1,0.585,,13,20,west_last_pass,13,S_to_N,False,0.585,0.585,2025-10-23 09:55:23
10/23/2025 9:55:50 AM,14,1,0.495,,14,20,west_last_pass,14,S_to_N,False,0.495,0.495,2025-10-23 09:55:50
10/23/2025 9:56:17 AM,15,1,0.495,,15,20,west_last_pass,15,S_to_N,False,0.495,0.495,2025-10-23 09:56:17
10/23/2025 9:56:43 AM,16,1,0.495,,16,20,west_last_pass,16,S_to_N,False,0.495,0.495,2025-10-23 09:56:43
10/23/2025 9:57:11 AM,17,1,0.675,,17,20,west_last_pass,17,S_to_N,False,0.675,0.675,2025-10-23 09:57:11
10/23/2025 9:57:41 AM,18,1,0.72,,18,20,west_last_pass,18,S_to_N,False,0.72,0.72,2025-10-23 09:57:41
10/23/2025 9:58:09 AM,19,1,0.7,,19,20,west_last_pass,19,S_to_N,False,0.7,0.7,2025-10-23 09:58:09
10/23/2025 9:58:37 AM,20,1,0.8,,20,20,west_last_pass,20,S_to_N,False,0.8,0.8,2025-10-23 09:58:37
10/23/2025 9:59:05 AM,21,1,0.51,,21,20,west_last_pass,21,S_to_N,False,0.51,0.51,2025-10-23 09:59:05
10/23/2025 9:59:32 AM,22,1,0.9,,22,20,west_last_pass,22,S_to_N,False,0.9,0.9,2025-10-23 09:59:32
10/23/2025 10:00:01 AM,23,1,1.06,,23,20,west_last_pass,23,S_to_N,False,1.06,1.06,2025-10-23 10:00:01
10/23/2025 10:00:29 AM,24,1,0.595,,24,20,west_last_pass,24,S_to_N,False,0.595,0.595,2025-10-23 10:00:29
