Design,Label,n_plots,mean_plant_count,sd_plant_count,mean_plants_m2,sd_plants_m2,mean_vegetation_fraction
1,AG29XF4,7,10.0,4.654746681256314,2.5116519165646713,1.1691103424936902,0.31836326623796196
1,AG29XF5,9,7.888888888888889,5.060742150229659,1.9814142895296716,1.2710822719198225,0.3021890816253667
1,AG34XF6,9,9.88888888888889,2.4720661623652207,2.4837446729370094,0.6208969710717424,0.35815270691401285
1,AG35XF5,8,10.125,4.155461122770509,2.5430475654098204,1.043707189371811,0.3281718870095294
1,AG36XF4,9,8.0,3.807886552931954,2.009321533144673,0.9564085556530076,0.3242986059738759
1,AG38XF6,9,9.11111111111111,2.7131367660166177,2.2883939684345513,0.6814455161724059,0.3240330227524494
1,AG40XFF5,9,9.555555555555555,6.385748020222672,2.4000229422299295,1.6038776250415718,0.3019755280957563
1,LG3216,60,8.75,4.363271203262564,2.1976954268259266,1.095901847832122,0.30755276668330767
2,AG29XF4,30,9.3,3.6022023914496413,2.335836282261005,0.9047478538573999,0.31288053794554643
2,AG29XF5,30,8.8,4.350188263861058,2.2102536864377096,1.0926158689498568,0.34698448461253173
2,LD11-2170,7,8.857142857142858,1.5735915849388862,2.224605983274778,0.3952314317631416,0.3698196480632617
2,LD20-4471,8,9.0,3.295017884191656,2.2604867246607463,0.8275937984585053,0.31771899090415584
2,LD20-4542,7,7.142857142857143,5.080307452263476,1.7940370831855315,1.2759963949238846,0.22407474573162545
2,LD20-4988,6,10.5,3.331666249791536,2.637234512346043,0.8367985923483312,0.32393412371948777
2,LD20-5413,7,9.428571428571429,5.061526214398936,2.368128949600645,1.2712792014441994,0.3243735633537615
2,LD20-5738,7,8.714285714285714,3.5923198500080566,2.188725241320559,0.9022657034579439,0.3375188122867091
2,LD21-5253,6,11.166666666666666,3.488074922742725,2.8046779734182086,0.8760830066567522,0.37621182917982293
2,LD21-7234,6,9.333333333333334,4.718756898449704,2.344208455587927,1.1851874809012048,0.3312181038572552
2,LD22-4283,6,9.666666666666666,4.844240566555986,2.427930186173973,1.2167046103711092,0.30570158442354983
3,LD00-2817P,3,8.666666666666666,5.8594652770823155,2.1767649939707705,1.4716937190623107,0.29097899373390057
3,LD07-3395bf,3,6.666666666666667,4.041451884327381,1.6744346112483628,1.015072037405419,0.2508933267889924
3,LD11-2170,3,5.333333333333333,4.041451884327381,1.3395476889556945,1.0150720372990323,0.1299436083981131
3,LD17-10473F,3,6.0,4.358898943540674,1.5069911498312363,1.0948036885361065,0.19733045788893208
3,LD17-10473L,3,6.0,2.6457513110645907,1.5069911499188642,0.664520635150295,0.2530330783950063
3,LD19-10076,3,7.0,3.0,1.7581563415295374,0.7534955748440674,0.1774747395416261
3,LD19-10244,3,5.666666666666667,1.1547005383792515,1.42326941930719,0.29002058182716717,0.21743365989158125
3,LD20-11748,3,7.333333333333333,4.041451884327381,1.8418780722155483,1.01507203745418,0.1903317820948208
3,LD20-4471,3,4.333333333333333,1.1547005383792517,1.0883824971578406,0.290020582125869,0.23395093493155916
3,LD20-4542,3,3.3333333333333335,2.0816659994661326,0.8372173055883517,0.5228420397830301,0.14837889332816975
3,LD20-4988,3,5.333333333333333,4.509249752822894,1.3395476886858217,1.132566578184375,0.26959852370217435
3,LD20-5413,3,4.666666666666667,5.507570547286102,1.1721042275079976,1.3833100118003885,0.2046774184358073
3,LD20-5738,3,5.0,1.7320508075688772,1.2558259580600597,0.43503087296477716,0.2551905715261902
3,LD21-3090,3,6.666666666666667,2.0816659994661326,1.6744346111496071,0.522842040067965,0.23916179739938104
3,LD21-5253,3,7.333333333333333,3.214550253664318,1.841878072394697,0.8073831308873229,0.3096200771905134
3,LD21-5665,3,12.0,2.6457513110645907,3.0139822998950407,0.6645206345431407,0.36497578330721425
3,LD21-5944,3,9.333333333333334,3.7859388972001824,2.3442084554521987,0.95089606889933,0.23955812517676267
3,LD21-5991,3,8.0,6.928203230275509,2.0093215329614806,1.740123491802483,0.20781965711344408
3,LD21-7234,3,11.666666666666666,3.511884584284246,2.9302605687867267,0.8820631645024359,0.2919460475349432
3,LD22-4283,3,6.0,5.0,1.506991149657347,1.2558259580379725,0.17543098016916267
3,LG3216,60,7.116666666666666,3.8004980345652677,1.78745894720355,0.9545528172161052,0.24838615795304225
4,AG34XF6,12,7.5,3.205109557055308,1.8837389371692899,0.8050119560034094,0.27378601513923373
4,AG35XF5,12,7.583333333333333,2.8749176536296677,1.9046693698867119,0.7220792433837583,0.2689184639987531
4,AG36XF4,12,6.0,2.6628760937957834,1.506991149755957,0.6688217843003665,0.2297103682231315
4,AG38XF6,12,6.583333333333333,3.7527767497325675,1.6535041785327422,0.9425668916786699,0.22694979670157858
4,AG40XFF5,12,7.166666666666667,2.691175253012007,1.800017206805844,0.6759295481585278,0.2619449137867973
4,LD07-3395bf,6,4.5,2.258317958127243,1.1302433623520107,0.5672108625864024,0.2772289777460326
4,LD17-10473F,7,8.428571428571429,3.154739442867026,2.116963758317985,0.7923607370544236,0.29600223644686713
4,LD20-11748,8,5.75,3.011881234615431,1.4441998520228496,0.7564797275580548,0.21797579599407577
4,LD21-3090,8,6.5,4.105745103771404,1.6325737455609657,1.0312202556459025,0.24867891860044208
4,LD21-5253,7,6.0,2.23606797749979,1.5069911497983282,0.5616224420422263,0.248827097476967
4,LD21-5665,8,6.375,2.669269563007828,1.6011780967383238,0.6704276012809861,0.30737834992766044
4,LD21-5944,7,7.714285714285714,3.3523268393901033,1.9375600497263592,0.8419878129548038,0.26072448472631937
4,LD21-7234,9,8.222222222222221,3.80058475033046,2.0651360203478206,0.9545745976707104,0.2872772035121824
