Design,Label,n_plots,n_valid_harvest,mean_weight_kg,sd_weight_kg,mean_plant_count,mean_plants_m2
1,AG29XF4,7,7,0.8114285714285714,0.320620677822905,10.0,2.5116519165646713
1,AG29XF5,9,9,0.8872222222222221,0.3970839891565063,7.888888888888889,1.9814142895296716
1,AG34XF6,9,9,1.001111111111111,0.34658853286153474,9.88888888888889,2.4837446729370094
1,AG35XF5,8,8,0.88,0.276625068588204,10.125,2.5430475654098204
1,AG36XF4,9,9,0.81,0.400663512189468,8.0,2.009321533144673
1,AG38XF6,9,9,1.0427777777777778,0.19967334435132905,9.11111111111111,2.2883939684345513
1,AG40XFF5,9,9,0.9355555555555556,0.4130711534079544,9.555555555555555,2.4000229422299295
1,LG3216,60,60,0.8839166666666666,0.38397794303118926,8.75,2.1976954268259266
2,AG29XF4,30,30,1.1236666666666666,0.395561437168378,9.3,2.335836282261005
2,AG29XF5,30,30,1.107,0.5063469575096806,8.8,2.2102536864377096
2,LD11-2170,7,7,0.8157142857142857,0.2947517114938799,8.857142857142858,2.224605983274778
2,LD20-4471,8,8,0.86375,0.35184970411485966,9.0,2.2604867246607463
2,LD20-4542,7,7,0.8278571428571428,0.2767046732357013,7.142857142857143,1.7940370831855315
2,LD20-4988,6,6,0.8883333333333333,0.2052721770398187,10.5,2.637234512346043
2,LD20-5413,7,7,1.0792857142857142,0.44918842159525674,9.428571428571429,2.368128949600645
2,LD20-5738,7,7,0.725,0.3543068350079254,8.714285714285714,2.188725241320559
2,LD21-5253,6,6,0.9483333333333334,0.41412156025334723,11.166666666666666,2.8046779734182086
2,LD21-7234,6,6,0.93,0.4266497392475472,9.333333333333334,2.344208455587927
2,LD22-4283,6,6,0.9025,0.3581026389179504,9.666666666666666,2.427930186173973
3,LD00-2817P,3,3,1.4583333333333333,0.26908796579061894,8.666666666666666,2.1767649939707705
3,LD07-3395bf,3,3,0.8783333333333333,0.1631206097748943,6.666666666666667,1.6744346112483628
3,LD11-2170,3,3,1.3,0.24438698819699878,5.333333333333333,1.3395476889556945
3,LD17-10473F,3,3,1.2249999999999999,0.09260129588726074,6.0,1.5069911498312363
3,LD17-10473L,3,3,0.9899999999999999,0.35309347204387675,6.0,1.5069911499188642
3,LD19-10076,3,3,1.055,0.36752550931874095,7.0,1.7581563415295374
3,LD19-10244,3,3,1.4100000000000001,0.2253885533916928,5.666666666666667,1.42326941930719
3,LD20-11748,3,3,1.1483333333333334,0.19534158116830475,7.333333333333333,1.8418780722155483
3,LD20-4471,3,3,1.0766666666666667,0.20312147432837657,4.333333333333333,1.0883824971578406
3,LD20-4542,3,3,1.2483333333333333,0.3558206477051793,3.3333333333333335,0.8372173055883517
3,LD20-4988,3,3,1.5466666666666666,0.3538832199092426,5.333333333333333,1.3395476886858217
3,LD20-5413,3,3,1.0766666666666667,0.458920835584236,4.666666666666667,1.1721042275079976
3,LD20-5738,3,3,1.2183333333333335,0.261071509999336,5.0,1.2558259580600597
3,LD21-3090,3,3,1.015,0.37739236876227367,6.666666666666667,1.6744346111496071
3,LD21-5253,3,3,1.1616666666666668,0.44587928112139646,7.333333333333333,1.841878072394697
3,LD21-5665,3,3,1.1666666666666667,0.10420332688227049,12.0,3.0139822998950407
3,LD21-5944,3,3,1.0183333333333333,0.3922477958297961,9.333333333333334,2.3442084554521987
3,LD21-5991,3,3,1.2316666666666667,0.3441051195976796,8.0,2.0093215329614806
3,LD21-7234,3,3,1.2,0.5661934298453135,11.666666666666666,2.9302605687867267
3,LD22-4283,3,3,1.0433333333333332,0.07285830998131465,6.0,1.506991149657347
3,LG3216,60,60,1.1653333333333333,0.4339099596775172,7.116666666666666,1.78745894720355
4,AG34XF6,12,12,0.785,0.23083839289936942,7.5,1.8837389371692899
4,AG35XF5,12,12,0.9070833333333334,0.2716653885450507,7.583333333333333,1.9046693698867119
4,AG36XF4,12,12,0.86375,0.29111950841848117,6.0,1.506991149755957
4,AG38XF6,12,12,0.8245833333333333,0.4543199630083173,6.583333333333333,1.6535041785327422
4,AG40XFF5,12,12,0.8229166666666666,0.3547115238493319,7.166666666666667,1.800017206805844
4,LD07-3395bf,6,6,1.05,0.48228622207149974,4.5,1.1302433623520107
4,LD17-10473F,7,7,1.02,0.3640054944640259,8.428571428571429,2.116963758317985
4,LD20-11748,8,7,0.8857142857142858,0.3484181942655092,5.75,1.4441998520228496
4,LD21-3090,8,8,1.07125,0.44819279971267467,6.5,1.6325737455609657
4,LD21-5253,7,7,0.8442857142857143,0.46778225500251513,6.0,1.5069911497983282
4,LD21-5665,8,8,0.985,0.5020031303260397,6.375,1.6011780967383238
4,LD21-5944,7,7,0.8985714285714286,0.31828596007513804,7.714285714285714,1.9375600497263592
4,LD21-7234,9,9,0.9344444444444444,0.3863486479564511,8.222222222222221,2.0651360203478206
