TemplatePlotID,TemplateRow,TemplateRange,SourceLon,SourceLat,PassType,HarvestEW,HarvestNS
Row01_Range01,1,1,82.09675455,48.6208766,TEST_EASTMOST_EXCLUDED,0,1
Row01_Range02,1,2,82.09675455,48.62097507826087,TEST_EASTMOST_EXCLUDED,0,2
Row01_Range03,1,3,82.09675455,48.62107355652174,TEST_EASTMOST_EXCLUDED,0,3
Row01_Range04,1,4,82.09675455,48.62117203478261,TEST_EASTMOST_EXCLUDED,0,4
Row01_Range05,1,5,82.09675455,48.62127051304348,TEST_EASTMOST_EXCLUDED,0,5
Row01_Range06,1,6,82.09675455,48.62136899130435,TEST_EASTMOST_EXCLUDED,0,6
Row01_Range07,1,7,82.09675455,48.62146746956522,TEST_EASTMOST_EXCLUDED,0,7
Row01_Range08,1,8,82.09675455,48.621565947826085,TEST_EASTMOST_EXCLUDED,0,8
Row01_Range09,1,9,82.09675455,48.62166442608696,TEST_EASTMOST_EXCLUDED,0,9
Row01_Range10,1,10,82.09675455,48.621762904347825,TEST_EASTMOST_EXCLUDED,0,10
Row01_Range11,1,11,82.09675455,48.62186138260869,TEST_EASTMOST_EXCLUDED,0,11
Row01_Range12,1,12,82.09675455,48.621959860869566,TEST_EASTMOST_EXCLUDED,0,12
Row01_Range13,1,13,82.09675455,48.62205833913043,TEST_EASTMOST_EXCLUDED,0,13
Row01_Range14,1,14,82.09675455,48.62215681739131,TEST_EASTMOST_EXCLUDED,0,14
Row01_Range15,1,15,82.09675455,48.622255295652174,TEST_EASTMOST_EXCLUDED,0,15
Row01_Range16,1,16,82.09675455,48.62235377391304,TEST_EASTMOST_EXCLUDED,0,16
Row01_Range17,1,17,82.09675455,48.622452252173915,TEST_EASTMOST_EXCLUDED,0,17
Row01_Range18,1,18,82.09675455,48.62255073043478,TEST_EASTMOST_EXCLUDED,0,18
Row01_Range19,1,19,82.09675455,48.62264920869565,TEST_EASTMOST_EXCLUDED,0,19
Row01_Range20,1,20,82.09675455,48.62274768695652,TEST_EASTMOST_EXCLUDED,0,20
Row01_Range21,1,21,82.09675455,48.62284616521739,TEST_EASTMOST_EXCLUDED,0,21
Row01_Range22,1,22,82.09675455,48.622944643478256,TEST_EASTMOST_EXCLUDED,0,22
Row01_Range23,1,23,82.09675455,48.62304312173913,TEST_EASTMOST_EXCLUDED,0,23
Row01_Range24,1,24,82.09675455,48.6231416,TEST_EASTMOST_EXCLUDED,0,24
Row02_Range01,2,1,82.0968416,48.6208766,EXPERIMENTAL,1,1
Row02_Range02,2,2,82.0968416,48.62097507826087,EXPERIMENTAL,1,2
Row02_Range03,2,3,82.0968416,48.62107355652174,EXPERIMENTAL,1,3
Row02_Range04,2,4,82.0968416,48.62117203478261,EXPERIMENTAL,1,4
Row02_Range05,2,5,82.0968416,48.62127051304348,EXPERIMENTAL,1,5
Row02_Range06,2,6,82.0968416,48.62136899130435,EXPERIMENTAL,1,6
Row02_Range07,2,7,82.0968416,48.62146746956522,EXPERIMENTAL,1,7
Row02_Range08,2,8,82.0968416,48.621565947826085,EXPERIMENTAL,1,8
Row02_Range09,2,9,82.0968416,48.62166442608696,EXPERIMENTAL,1,9
Row02_Range10,2,10,82.0968416,48.621762904347825,EXPERIMENTAL,1,10
Row02_Range11,2,11,82.0968416,48.62186138260869,EXPERIMENTAL,1,11
Row02_Range12,2,12,82.0968416,48.621959860869566,EXPERIMENTAL,1,12
Row02_Range13,2,13,82.0968416,48.62205833913043,EXPERIMENTAL,1,13
Row02_Range14,2,14,82.0968416,48.62215681739131,EXPERIMENTAL,1,14
Row02_Range15,2,15,82.0968416,48.622255295652174,EXPERIMENTAL,1,15
Row02_Range16,2,16,82.0968416,48.62235377391304,EXPERIMENTAL,1,16
Row02_Range17,2,17,82.0968416,48.622452252173915,EXPERIMENTAL,1,17
Row02_Range18,2,18,82.0968416,48.62255073043478,EXPERIMENTAL,1,18
Row02_Range19,2,19,82.0968416,48.62264920869565,EXPERIMENTAL,1,19
Row02_Range20,2,20,82.0968416,48.62274768695652,EXPERIMENTAL,1,20
Row02_Range21,2,21,82.0968416,48.62284616521739,EXPERIMENTAL,1,21
Row02_Range22,2,22,82.0968416,48.622944643478256,EXPERIMENTAL,1,22
Row02_Range23,2,23,82.0968416,48.62304312173913,EXPERIMENTAL,1,23
Row02_Range24,2,24,82.0968416,48.6231416,EXPERIMENTAL,1,24
Row03_Range01,3,1,82.09692874999999,48.6208766,EXPERIMENTAL,2,1
Row03_Range02,3,2,82.09692874999999,48.62097507826087,EXPERIMENTAL,2,2
Row03_Range03,3,3,82.09692874999999,48.62107355652174,EXPERIMENTAL,2,3
Row03_Range04,3,4,82.09692874999999,48.62117203478261,EXPERIMENTAL,2,4
Row03_Range05,3,5,82.09692874999999,48.62127051304348,EXPERIMENTAL,2,5
Row03_Range06,3,6,82.09692874999999,48.62136899130435,EXPERIMENTAL,2,6
Row03_Range07,3,7,82.09692874999999,48.62146746956522,EXPERIMENTAL,2,7
Row03_Range08,3,8,82.09692874999999,48.621565947826085,EXPERIMENTAL,2,8
Row03_Range09,3,9,82.09692874999999,48.62166442608696,EXPERIMENTAL,2,9
Row03_Range10,3,10,82.09692874999999,48.621762904347825,EXPERIMENTAL,2,10
Row03_Range11,3,11,82.09692874999999,48.62186138260869,EXPERIMENTAL,2,11
Row03_Range12,3,12,82.09692874999999,48.621959860869566,EXPERIMENTAL,2,12
Row03_Range13,3,13,82.09692874999999,48.62205833913043,EXPERIMENTAL,2,13
Row03_Range14,3,14,82.09692874999999,48.62215681739131,EXPERIMENTAL,2,14
Row03_Range15,3,15,82.09692874999999,48.622255295652174,EXPERIMENTAL,2,15
Row03_Range16,3,16,82.09692874999999,48.62235377391304,EXPERIMENTAL,2,16
Row03_Range17,3,17,82.09692874999999,48.622452252173915,EXPERIMENTAL,2,17
Row03_Range18,3,18,82.09692874999999,48.62255073043478,EXPERIMENTAL,2,18
Row03_Range19,3,19,82.09692874999999,48.62264920869565,EXPERIMENTAL,2,19
Row03_Range20,3,20,82.09692874999999,48.62274768695652,EXPERIMENTAL,2,20
Row03_Range21,3,21,82.09692874999999,48.62284616521739,EXPERIMENTAL,2,21
Row03_Range22,3,22,82.09692874999999,48.622944643478256,EXPERIMENTAL,2,22
Row03_Range23,3,23,82.09692874999999,48.62304312173913,EXPERIMENTAL,2,23
Row03_Range24,3,24,82.09692874999999,48.6231416,EXPERIMENTAL,2,24
Row04_Range01,4,1,82.0970162,48.6208766,EXPERIMENTAL,3,1
Row04_Range02,4,2,82.0970162,48.62097507826087,EXPERIMENTAL,3,2
Row04_Range03,4,3,82.0970162,48.62107355652174,EXPERIMENTAL,3,3
Row04_Range04,4,4,82.0970162,48.62117203478261,EXPERIMENTAL,3,4
Row04_Range05,4,5,82.0970162,48.62127051304348,EXPERIMENTAL,3,5
Row04_Range06,4,6,82.0970162,48.62136899130435,EXPERIMENTAL,3,6
Row04_Range07,4,7,82.0970162,48.62146746956522,EXPERIMENTAL,3,7
Row04_Range08,4,8,82.0970162,48.621565947826085,EXPERIMENTAL,3,8
Row04_Range09,4,9,82.0970162,48.62166442608696,EXPERIMENTAL,3,9
Row04_Range10,4,10,82.0970162,48.621762904347825,EXPERIMENTAL,3,10
Row04_Range11,4,11,82.0970162,48.62186138260869,EXPERIMENTAL,3,11
Row04_Range12,4,12,82.0970162,48.621959860869566,EXPERIMENTAL,3,12
Row04_Range13,4,13,82.0970162,48.62205833913043,EXPERIMENTAL,3,13
Row04_Range14,4,14,82.0970162,48.62215681739131,EXPERIMENTAL,3,14
Row04_Range15,4,15,82.0970162,48.622255295652174,EXPERIMENTAL,3,15
Row04_Range16,4,16,82.0970162,48.62235377391304,EXPERIMENTAL,3,16
Row04_Range17,4,17,82.0970162,48.622452252173915,EXPERIMENTAL,3,17
Row04_Range18,4,18,82.0970162,48.62255073043478,EXPERIMENTAL,3,18
Row04_Range19,4,19,82.0970162,48.62264920869565,EXPERIMENTAL,3,19
Row04_Range20,4,20,82.0970162,48.62274768695652,EXPERIMENTAL,3,20
Row04_Range21,4,21,82.0970162,48.62284616521739,EXPERIMENTAL,3,21
Row04_Range22,4,22,82.0970162,48.622944643478256,EXPERIMENTAL,3,22
Row04_Range23,4,23,82.0970162,48.62304312173913,EXPERIMENTAL,3,23
Row04_Range24,4,24,82.0970162,48.6231416,EXPERIMENTAL,3,24
Row05_Range01,5,1,82.0971046,48.6208766,EXPERIMENTAL,4,1
Row05_Range02,5,2,82.0971046,48.62097507826087,EXPERIMENTAL,4,2
Row05_Range03,5,3,82.0971046,48.62107355652174,EXPERIMENTAL,4,3
Row05_Range04,5,4,82.0971046,48.62117203478261,EXPERIMENTAL,4,4
Row05_Range05,5,5,82.0971046,48.62127051304348,EXPERIMENTAL,4,5
Row05_Range06,5,6,82.0971046,48.62136899130435,EXPERIMENTAL,4,6
Row05_Range07,5,7,82.0971046,48.62146746956522,EXPERIMENTAL,4,7
Row05_Range08,5,8,82.0971046,48.621565947826085,EXPERIMENTAL,4,8
Row05_Range09,5,9,82.0971046,48.62166442608696,EXPERIMENTAL,4,9
Row05_Range10,5,10,82.0971046,48.621762904347825,EXPERIMENTAL,4,10
Row05_Range11,5,11,82.0971046,48.62186138260869,EXPERIMENTAL,4,11
Row05_Range12,5,12,82.0971046,48.621959860869566,EXPERIMENTAL,4,12
Row05_Range13,5,13,82.0971046,48.62205833913043,EXPERIMENTAL,4,13
Row05_Range14,5,14,82.0971046,48.62215681739131,EXPERIMENTAL,4,14
Row05_Range15,5,15,82.0971046,48.622255295652174,EXPERIMENTAL,4,15
Row05_Range16,5,16,82.0971046,48.62235377391304,EXPERIMENTAL,4,16
Row05_Range17,5,17,82.0971046,48.622452252173915,EXPERIMENTAL,4,17
Row05_Range18,5,18,82.0971046,48.62255073043478,EXPERIMENTAL,4,18
Row05_Range19,5,19,82.0971046,48.62264920869565,EXPERIMENTAL,4,19
Row05_Range20,5,20,82.0971046,48.62274768695652,EXPERIMENTAL,4,20
Row05_Range21,5,21,82.0971046,48.62284616521739,EXPERIMENTAL,4,21
Row05_Range22,5,22,82.0971046,48.622944643478256,EXPERIMENTAL,4,22
Row05_Range23,5,23,82.0971046,48.62304312173913,EXPERIMENTAL,4,23
Row05_Range24,5,24,82.0971046,48.6231416,EXPERIMENTAL,4,24
Row06_Range01,6,1,82.0971916,48.6208766,EXPERIMENTAL,5,1
Row06_Range02,6,2,82.0971916,48.62097507826087,EXPERIMENTAL,5,2
Row06_Range03,6,3,82.0971916,48.62107355652174,EXPERIMENTAL,5,3
Row06_Range04,6,4,82.0971916,48.62117203478261,EXPERIMENTAL,5,4
Row06_Range05,6,5,82.0971916,48.62127051304348,EXPERIMENTAL,5,5
Row06_Range06,6,6,82.0971916,48.62136899130435,EXPERIMENTAL,5,6
Row06_Range07,6,7,82.0971916,48.62146746956522,EXPERIMENTAL,5,7
Row06_Range08,6,8,82.0971916,48.621565947826085,EXPERIMENTAL,5,8
Row06_Range09,6,9,82.0971916,48.62166442608696,EXPERIMENTAL,5,9
Row06_Range10,6,10,82.0971916,48.621762904347825,EXPERIMENTAL,5,10
Row06_Range11,6,11,82.0971916,48.62186138260869,EXPERIMENTAL,5,11
Row06_Range12,6,12,82.0971916,48.621959860869566,EXPERIMENTAL,5,12
Row06_Range13,6,13,82.0971916,48.62205833913043,EXPERIMENTAL,5,13
Row06_Range14,6,14,82.0971916,48.62215681739131,EXPERIMENTAL,5,14
Row06_Range15,6,15,82.0971916,48.622255295652174,EXPERIMENTAL,5,15
Row06_Range16,6,16,82.0971916,48.62235377391304,EXPERIMENTAL,5,16
Row06_Range17,6,17,82.0971916,48.622452252173915,EXPERIMENTAL,5,17
Row06_Range18,6,18,82.0971916,48.62255073043478,EXPERIMENTAL,5,18
Row06_Range19,6,19,82.0971916,48.62264920869565,EXPERIMENTAL,5,19
Row06_Range20,6,20,82.0971916,48.62274768695652,EXPERIMENTAL,5,20
Row06_Range21,6,21,82.0971916,48.62284616521739,EXPERIMENTAL,5,21
Row06_Range22,6,22,82.0971916,48.622944643478256,EXPERIMENTAL,5,22
Row06_Range23,6,23,82.0971916,48.62304312173913,EXPERIMENTAL,5,23
Row06_Range24,6,24,82.0971916,48.6231416,EXPERIMENTAL,5,24
Row07_Range01,7,1,82.09727815,48.6208766,EXPERIMENTAL,6,1
Row07_Range02,7,2,82.09727815,48.62097507826087,EXPERIMENTAL,6,2
Row07_Range03,7,3,82.09727815,48.62107355652174,EXPERIMENTAL,6,3
Row07_Range04,7,4,82.09727815,48.62117203478261,EXPERIMENTAL,6,4
Row07_Range05,7,5,82.09727815,48.62127051304348,EXPERIMENTAL,6,5
Row07_Range06,7,6,82.09727815,48.62136899130435,EXPERIMENTAL,6,6
Row07_Range07,7,7,82.09727815,48.62146746956522,EXPERIMENTAL,6,7
Row07_Range08,7,8,82.09727815,48.621565947826085,EXPERIMENTAL,6,8
Row07_Range09,7,9,82.09727815,48.62166442608696,EXPERIMENTAL,6,9
Row07_Range10,7,10,82.09727815,48.621762904347825,EXPERIMENTAL,6,10
Row07_Range11,7,11,82.09727815,48.62186138260869,EXPERIMENTAL,6,11
Row07_Range12,7,12,82.09727815,48.621959860869566,EXPERIMENTAL,6,12
Row07_Range13,7,13,82.09727815,48.62205833913043,EXPERIMENTAL,6,13
Row07_Range14,7,14,82.09727815,48.62215681739131,EXPERIMENTAL,6,14
Row07_Range15,7,15,82.09727815,48.622255295652174,EXPERIMENTAL,6,15
Row07_Range16,7,16,82.09727815,48.62235377391304,EXPERIMENTAL,6,16
Row07_Range17,7,17,82.09727815,48.622452252173915,EXPERIMENTAL,6,17
Row07_Range18,7,18,82.09727815,48.62255073043478,EXPERIMENTAL,6,18
Row07_Range19,7,19,82.09727815,48.62264920869565,EXPERIMENTAL,6,19
Row07_Range20,7,20,82.09727815,48.62274768695652,EXPERIMENTAL,6,20
Row07_Range21,7,21,82.09727815,48.62284616521739,EXPERIMENTAL,6,21
Row07_Range22,7,22,82.09727815,48.622944643478256,EXPERIMENTAL,6,22
Row07_Range23,7,23,82.09727815,48.62304312173913,EXPERIMENTAL,6,23
Row07_Range24,7,24,82.09727815,48.6231416,EXPERIMENTAL,6,24
Row08_Range01,8,1,82.09736595000001,48.6208766,EXPERIMENTAL,7,1
Row08_Range02,8,2,82.09736595000001,48.62097507826087,EXPERIMENTAL,7,2
Row08_Range03,8,3,82.09736595000001,48.62107355652174,EXPERIMENTAL,7,3
Row08_Range04,8,4,82.09736595000001,48.62117203478261,EXPERIMENTAL,7,4
Row08_Range05,8,5,82.09736595000001,48.62127051304348,EXPERIMENTAL,7,5
Row08_Range06,8,6,82.09736595000001,48.62136899130435,EXPERIMENTAL,7,6
Row08_Range07,8,7,82.09736595000001,48.62146746956522,EXPERIMENTAL,7,7
Row08_Range08,8,8,82.09736595000001,48.621565947826085,EXPERIMENTAL,7,8
Row08_Range09,8,9,82.09736595000001,48.62166442608696,EXPERIMENTAL,7,9
Row08_Range10,8,10,82.09736595000001,48.621762904347825,EXPERIMENTAL,7,10
Row08_Range11,8,11,82.09736595000001,48.62186138260869,EXPERIMENTAL,7,11
Row08_Range12,8,12,82.09736595000001,48.621959860869566,EXPERIMENTAL,7,12
Row08_Range13,8,13,82.09736595000001,48.62205833913043,EXPERIMENTAL,7,13
Row08_Range14,8,14,82.09736595000001,48.62215681739131,EXPERIMENTAL,7,14
Row08_Range15,8,15,82.09736595000001,48.622255295652174,EXPERIMENTAL,7,15
Row08_Range16,8,16,82.09736595000001,48.62235377391304,EXPERIMENTAL,7,16
Row08_Range17,8,17,82.09736595000001,48.622452252173915,EXPERIMENTAL,7,17
Row08_Range18,8,18,82.09736595000001,48.62255073043478,EXPERIMENTAL,7,18
Row08_Range19,8,19,82.09736595000001,48.62264920869565,EXPERIMENTAL,7,19
Row08_Range20,8,20,82.09736595000001,48.62274768695652,EXPERIMENTAL,7,20
Row08_Range21,8,21,82.09736595000001,48.62284616521739,EXPERIMENTAL,7,21
Row08_Range22,8,22,82.09736595000001,48.622944643478256,EXPERIMENTAL,7,22
Row08_Range23,8,23,82.09736595000001,48.62304312173913,EXPERIMENTAL,7,23
Row08_Range24,8,24,82.09736595000001,48.6231416,EXPERIMENTAL,7,24
Row09_Range01,9,1,82.0974546,48.6208766,EXPERIMENTAL,8,1
Row09_Range02,9,2,82.0974546,48.62097507826087,EXPERIMENTAL,8,2
Row09_Range03,9,3,82.0974546,48.62107355652174,EXPERIMENTAL,8,3
Row09_Range04,9,4,82.0974546,48.62117203478261,EXPERIMENTAL,8,4
Row09_Range05,9,5,82.0974546,48.62127051304348,EXPERIMENTAL,8,5
Row09_Range06,9,6,82.0974546,48.62136899130435,EXPERIMENTAL,8,6
Row09_Range07,9,7,82.0974546,48.62146746956522,EXPERIMENTAL,8,7
Row09_Range08,9,8,82.0974546,48.621565947826085,EXPERIMENTAL,8,8
Row09_Range09,9,9,82.0974546,48.62166442608696,EXPERIMENTAL,8,9
Row09_Range10,9,10,82.0974546,48.621762904347825,EXPERIMENTAL,8,10
Row09_Range11,9,11,82.0974546,48.62186138260869,EXPERIMENTAL,8,11
Row09_Range12,9,12,82.0974546,48.621959860869566,EXPERIMENTAL,8,12
Row09_Range13,9,13,82.0974546,48.62205833913043,EXPERIMENTAL,8,13
Row09_Range14,9,14,82.0974546,48.62215681739131,EXPERIMENTAL,8,14
Row09_Range15,9,15,82.0974546,48.622255295652174,EXPERIMENTAL,8,15
Row09_Range16,9,16,82.0974546,48.62235377391304,EXPERIMENTAL,8,16
Row09_Range17,9,17,82.0974546,48.622452252173915,EXPERIMENTAL,8,17
Row09_Range18,9,18,82.0974546,48.62255073043478,EXPERIMENTAL,8,18
Row09_Range19,9,19,82.0974546,48.62264920869565,EXPERIMENTAL,8,19
Row09_Range20,9,20,82.0974546,48.62274768695652,EXPERIMENTAL,8,20
Row09_Range21,9,21,82.0974546,48.62284616521739,EXPERIMENTAL,8,21
Row09_Range22,9,22,82.0974546,48.622944643478256,EXPERIMENTAL,8,22
Row09_Range23,9,23,82.0974546,48.62304312173913,EXPERIMENTAL,8,23
Row09_Range24,9,24,82.0974546,48.6231416,EXPERIMENTAL,8,24
Row10_Range01,10,1,82.0975425,48.6208766,EXPERIMENTAL,9,1
Row10_Range02,10,2,82.0975425,48.62097507826087,EXPERIMENTAL,9,2
Row10_Range03,10,3,82.0975425,48.62107355652174,EXPERIMENTAL,9,3
Row10_Range04,10,4,82.0975425,48.62117203478261,EXPERIMENTAL,9,4
Row10_Range05,10,5,82.0975425,48.62127051304348,EXPERIMENTAL,9,5
Row10_Range06,10,6,82.0975425,48.62136899130435,EXPERIMENTAL,9,6
Row10_Range07,10,7,82.0975425,48.62146746956522,EXPERIMENTAL,9,7
Row10_Range08,10,8,82.0975425,48.621565947826085,EXPERIMENTAL,9,8
Row10_Range09,10,9,82.0975425,48.62166442608696,EXPERIMENTAL,9,9
Row10_Range10,10,10,82.0975425,48.621762904347825,EXPERIMENTAL,9,10
Row10_Range11,10,11,82.0975425,48.62186138260869,EXPERIMENTAL,9,11
Row10_Range12,10,12,82.0975425,48.621959860869566,EXPERIMENTAL,9,12
Row10_Range13,10,13,82.0975425,48.62205833913043,EXPERIMENTAL,9,13
Row10_Range14,10,14,82.0975425,48.62215681739131,EXPERIMENTAL,9,14
Row10_Range15,10,15,82.0975425,48.622255295652174,EXPERIMENTAL,9,15
Row10_Range16,10,16,82.0975425,48.62235377391304,EXPERIMENTAL,9,16
Row10_Range17,10,17,82.0975425,48.622452252173915,EXPERIMENTAL,9,17
Row10_Range18,10,18,82.0975425,48.62255073043478,EXPERIMENTAL,9,18
Row10_Range19,10,19,82.0975425,48.62264920869565,EXPERIMENTAL,9,19
Row10_Range20,10,20,82.0975425,48.62274768695652,EXPERIMENTAL,9,20
Row10_Range21,10,21,82.0975425,48.62284616521739,EXPERIMENTAL,9,21
Row10_Range22,10,22,82.0975425,48.622944643478256,EXPERIMENTAL,9,22
Row10_Range23,10,23,82.0975425,48.62304312173913,EXPERIMENTAL,9,23
Row10_Range24,10,24,82.0975425,48.6231416,EXPERIMENTAL,9,24
Row11_Range01,11,1,82.0976295,48.6208766,EXPERIMENTAL,10,1
Row11_Range02,11,2,82.0976295,48.62097507826087,EXPERIMENTAL,10,2
Row11_Range03,11,3,82.0976295,48.62107355652174,EXPERIMENTAL,10,3
Row11_Range04,11,4,82.0976295,48.62117203478261,EXPERIMENTAL,10,4
Row11_Range05,11,5,82.0976295,48.62127051304348,EXPERIMENTAL,10,5
Row11_Range06,11,6,82.0976295,48.62136899130435,EXPERIMENTAL,10,6
Row11_Range07,11,7,82.0976295,48.62146746956522,EXPERIMENTAL,10,7
Row11_Range08,11,8,82.0976295,48.621565947826085,EXPERIMENTAL,10,8
Row11_Range09,11,9,82.0976295,48.62166442608696,EXPERIMENTAL,10,9
Row11_Range10,11,10,82.0976295,48.621762904347825,EXPERIMENTAL,10,10
Row11_Range11,11,11,82.0976295,48.62186138260869,EXPERIMENTAL,10,11
Row11_Range12,11,12,82.0976295,48.621959860869566,EXPERIMENTAL,10,12
Row11_Range13,11,13,82.0976295,48.62205833913043,EXPERIMENTAL,10,13
Row11_Range14,11,14,82.0976295,48.62215681739131,EXPERIMENTAL,10,14
Row11_Range15,11,15,82.0976295,48.622255295652174,EXPERIMENTAL,10,15
Row11_Range16,11,16,82.0976295,48.62235377391304,EXPERIMENTAL,10,16
Row11_Range17,11,17,82.0976295,48.622452252173915,EXPERIMENTAL,10,17
Row11_Range18,11,18,82.0976295,48.62255073043478,EXPERIMENTAL,10,18
Row11_Range19,11,19,82.0976295,48.62264920869565,EXPERIMENTAL,10,19
Row11_Range20,11,20,82.0976295,48.62274768695652,EXPERIMENTAL,10,20
Row11_Range21,11,21,82.0976295,48.62284616521739,EXPERIMENTAL,10,21
Row11_Range22,11,22,82.0976295,48.622944643478256,EXPERIMENTAL,10,22
Row11_Range23,11,23,82.0976295,48.62304312173913,EXPERIMENTAL,10,23
Row11_Range24,11,24,82.0976295,48.6231416,EXPERIMENTAL,10,24
Row12_Range01,12,1,82.0977178,48.6208766,EXPERIMENTAL,11,1
Row12_Range02,12,2,82.0977178,48.62097507826087,EXPERIMENTAL,11,2
Row12_Range03,12,3,82.0977178,48.62107355652174,EXPERIMENTAL,11,3
Row12_Range04,12,4,82.0977178,48.62117203478261,EXPERIMENTAL,11,4
Row12_Range05,12,5,82.0977178,48.62127051304348,EXPERIMENTAL,11,5
Row12_Range06,12,6,82.0977178,48.62136899130435,EXPERIMENTAL,11,6
Row12_Range07,12,7,82.0977178,48.62146746956522,EXPERIMENTAL,11,7
Row12_Range08,12,8,82.0977178,48.621565947826085,EXPERIMENTAL,11,8
Row12_Range09,12,9,82.0977178,48.62166442608696,EXPERIMENTAL,11,9
Row12_Range10,12,10,82.0977178,48.621762904347825,EXPERIMENTAL,11,10
Row12_Range11,12,11,82.0977178,48.62186138260869,EXPERIMENTAL,11,11
Row12_Range12,12,12,82.0977178,48.621959860869566,EXPERIMENTAL,11,12
Row12_Range13,12,13,82.0977178,48.62205833913043,EXPERIMENTAL,11,13
Row12_Range14,12,14,82.0977178,48.62215681739131,EXPERIMENTAL,11,14
Row12_Range15,12,15,82.0977178,48.622255295652174,EXPERIMENTAL,11,15
Row12_Range16,12,16,82.0977178,48.62235377391304,EXPERIMENTAL,11,16
Row12_Range17,12,17,82.0977178,48.622452252173915,EXPERIMENTAL,11,17
Row12_Range18,12,18,82.0977178,48.62255073043478,EXPERIMENTAL,11,18
Row12_Range19,12,19,82.0977178,48.62264920869565,EXPERIMENTAL,11,19
Row12_Range20,12,20,82.0977178,48.62274768695652,EXPERIMENTAL,11,20
Row12_Range21,12,21,82.0977178,48.62284616521739,EXPERIMENTAL,11,21
Row12_Range22,12,22,82.0977178,48.622944643478256,EXPERIMENTAL,11,22
Row12_Range23,12,23,82.0977178,48.62304312173913,EXPERIMENTAL,11,23
Row12_Range24,12,24,82.0977178,48.6231416,EXPERIMENTAL,11,24
Row13_Range01,13,1,82.0978047,48.6208766,EXPERIMENTAL,12,1
Row13_Range02,13,2,82.0978047,48.62097507826087,EXPERIMENTAL,12,2
Row13_Range03,13,3,82.0978047,48.62107355652174,EXPERIMENTAL,12,3
Row13_Range04,13,4,82.0978047,48.62117203478261,EXPERIMENTAL,12,4
Row13_Range05,13,5,82.0978047,48.62127051304348,EXPERIMENTAL,12,5
Row13_Range06,13,6,82.0978047,48.62136899130435,EXPERIMENTAL,12,6
Row13_Range07,13,7,82.0978047,48.62146746956522,EXPERIMENTAL,12,7
Row13_Range08,13,8,82.0978047,48.621565947826085,EXPERIMENTAL,12,8
Row13_Range09,13,9,82.0978047,48.62166442608696,EXPERIMENTAL,12,9
Row13_Range10,13,10,82.0978047,48.621762904347825,EXPERIMENTAL,12,10
Row13_Range11,13,11,82.0978047,48.62186138260869,EXPERIMENTAL,12,11
Row13_Range12,13,12,82.0978047,48.621959860869566,EXPERIMENTAL,12,12
Row13_Range13,13,13,82.0978047,48.62205833913043,EXPERIMENTAL,12,13
Row13_Range14,13,14,82.0978047,48.62215681739131,EXPERIMENTAL,12,14
Row13_Range15,13,15,82.0978047,48.622255295652174,EXPERIMENTAL,12,15
Row13_Range16,13,16,82.0978047,48.62235377391304,EXPERIMENTAL,12,16
Row13_Range17,13,17,82.0978047,48.622452252173915,EXPERIMENTAL,12,17
Row13_Range18,13,18,82.0978047,48.62255073043478,EXPERIMENTAL,12,18
Row13_Range19,13,19,82.0978047,48.62264920869565,EXPERIMENTAL,12,19
Row13_Range20,13,20,82.0978047,48.62274768695652,EXPERIMENTAL,12,20
Row13_Range21,13,21,82.0978047,48.62284616521739,EXPERIMENTAL,12,21
Row13_Range22,13,22,82.0978047,48.622944643478256,EXPERIMENTAL,12,22
Row13_Range23,13,23,82.0978047,48.62304312173913,EXPERIMENTAL,12,23
Row13_Range24,13,24,82.0978047,48.6231416,EXPERIMENTAL,12,24
Row14_Range01,14,1,82.0978902,48.6208766,EXPERIMENTAL,13,1
Row14_Range02,14,2,82.0978902,48.62097507826087,EXPERIMENTAL,13,2
Row14_Range03,14,3,82.0978902,48.62107355652174,EXPERIMENTAL,13,3
Row14_Range04,14,4,82.0978902,48.62117203478261,EXPERIMENTAL,13,4
Row14_Range05,14,5,82.0978902,48.62127051304348,EXPERIMENTAL,13,5
Row14_Range06,14,6,82.0978902,48.62136899130435,EXPERIMENTAL,13,6
Row14_Range07,14,7,82.0978902,48.62146746956522,EXPERIMENTAL,13,7
Row14_Range08,14,8,82.0978902,48.621565947826085,EXPERIMENTAL,13,8
Row14_Range09,14,9,82.0978902,48.62166442608696,EXPERIMENTAL,13,9
Row14_Range10,14,10,82.0978902,48.621762904347825,EXPERIMENTAL,13,10
Row14_Range11,14,11,82.0978902,48.62186138260869,EXPERIMENTAL,13,11
Row14_Range12,14,12,82.0978902,48.621959860869566,EXPERIMENTAL,13,12
Row14_Range13,14,13,82.0978902,48.62205833913043,EXPERIMENTAL,13,13
Row14_Range14,14,14,82.0978902,48.62215681739131,EXPERIMENTAL,13,14
Row14_Range15,14,15,82.0978902,48.622255295652174,EXPERIMENTAL,13,15
Row14_Range16,14,16,82.0978902,48.62235377391304,EXPERIMENTAL,13,16
Row14_Range17,14,17,82.0978902,48.622452252173915,EXPERIMENTAL,13,17
Row14_Range18,14,18,82.0978902,48.62255073043478,EXPERIMENTAL,13,18
Row14_Range19,14,19,82.0978902,48.62264920869565,EXPERIMENTAL,13,19
Row14_Range20,14,20,82.0978902,48.62274768695652,EXPERIMENTAL,13,20
Row14_Range21,14,21,82.0978902,48.62284616521739,EXPERIMENTAL,13,21
Row14_Range22,14,22,82.0978902,48.622944643478256,EXPERIMENTAL,13,22
Row14_Range23,14,23,82.0978902,48.62304312173913,EXPERIMENTAL,13,23
Row14_Range24,14,24,82.0978902,48.6231416,EXPERIMENTAL,13,24
Row15_Range01,15,1,82.09797655,48.6208766,EXPERIMENTAL,14,1
Row15_Range02,15,2,82.09797655,48.62097507826087,EXPERIMENTAL,14,2
Row15_Range03,15,3,82.09797655,48.62107355652174,EXPERIMENTAL,14,3
Row15_Range04,15,4,82.09797655,48.62117203478261,EXPERIMENTAL,14,4
Row15_Range05,15,5,82.09797655,48.62127051304348,EXPERIMENTAL,14,5
Row15_Range06,15,6,82.09797655,48.62136899130435,EXPERIMENTAL,14,6
Row15_Range07,15,7,82.09797655,48.62146746956522,EXPERIMENTAL,14,7
Row15_Range08,15,8,82.09797655,48.621565947826085,EXPERIMENTAL,14,8
Row15_Range09,15,9,82.09797655,48.62166442608696,EXPERIMENTAL,14,9
Row15_Range10,15,10,82.09797655,48.621762904347825,EXPERIMENTAL,14,10
Row15_Range11,15,11,82.09797655,48.62186138260869,EXPERIMENTAL,14,11
Row15_Range12,15,12,82.09797655,48.621959860869566,EXPERIMENTAL,14,12
Row15_Range13,15,13,82.09797655,48.62205833913043,EXPERIMENTAL,14,13
Row15_Range14,15,14,82.09797655,48.62215681739131,EXPERIMENTAL,14,14
Row15_Range15,15,15,82.09797655,48.622255295652174,EXPERIMENTAL,14,15
Row15_Range16,15,16,82.09797655,48.62235377391304,EXPERIMENTAL,14,16
Row15_Range17,15,17,82.09797655,48.622452252173915,EXPERIMENTAL,14,17
Row15_Range18,15,18,82.09797655,48.62255073043478,EXPERIMENTAL,14,18
Row15_Range19,15,19,82.09797655,48.62264920869565,EXPERIMENTAL,14,19
Row15_Range20,15,20,82.09797655,48.62274768695652,EXPERIMENTAL,14,20
Row15_Range21,15,21,82.09797655,48.62284616521739,EXPERIMENTAL,14,21
Row15_Range22,15,22,82.09797655,48.622944643478256,EXPERIMENTAL,14,22
Row15_Range23,15,23,82.09797655,48.62304312173913,EXPERIMENTAL,14,23
Row15_Range24,15,24,82.09797655,48.6231416,EXPERIMENTAL,14,24
Row16_Range01,16,1,82.098064,48.6208766,EXPERIMENTAL,15,1
Row16_Range02,16,2,82.098064,48.62097507826087,EXPERIMENTAL,15,2
Row16_Range03,16,3,82.098064,48.62107355652174,EXPERIMENTAL,15,3
Row16_Range04,16,4,82.098064,48.62117203478261,EXPERIMENTAL,15,4
Row16_Range05,16,5,82.098064,48.62127051304348,EXPERIMENTAL,15,5
Row16_Range06,16,6,82.098064,48.62136899130435,EXPERIMENTAL,15,6
Row16_Range07,16,7,82.098064,48.62146746956522,EXPERIMENTAL,15,7
Row16_Range08,16,8,82.098064,48.621565947826085,EXPERIMENTAL,15,8
Row16_Range09,16,9,82.098064,48.62166442608696,EXPERIMENTAL,15,9
Row16_Range10,16,10,82.098064,48.621762904347825,EXPERIMENTAL,15,10
Row16_Range11,16,11,82.098064,48.62186138260869,EXPERIMENTAL,15,11
Row16_Range12,16,12,82.098064,48.621959860869566,EXPERIMENTAL,15,12
Row16_Range13,16,13,82.098064,48.62205833913043,EXPERIMENTAL,15,13
Row16_Range14,16,14,82.098064,48.62215681739131,EXPERIMENTAL,15,14
Row16_Range15,16,15,82.098064,48.622255295652174,EXPERIMENTAL,15,15
Row16_Range16,16,16,82.098064,48.62235377391304,EXPERIMENTAL,15,16
Row16_Range17,16,17,82.098064,48.622452252173915,EXPERIMENTAL,15,17
Row16_Range18,16,18,82.098064,48.62255073043478,EXPERIMENTAL,15,18
Row16_Range19,16,19,82.098064,48.62264920869565,EXPERIMENTAL,15,19
Row16_Range20,16,20,82.098064,48.62274768695652,EXPERIMENTAL,15,20
Row16_Range21,16,21,82.098064,48.62284616521739,EXPERIMENTAL,15,21
Row16_Range22,16,22,82.098064,48.622944643478256,EXPERIMENTAL,15,22
Row16_Range23,16,23,82.098064,48.62304312173913,EXPERIMENTAL,15,23
Row16_Range24,16,24,82.098064,48.6231416,EXPERIMENTAL,15,24
Row17_Range01,17,1,82.0981518,48.6208766,EXPERIMENTAL,16,1
Row17_Range02,17,2,82.0981518,48.62097507826087,EXPERIMENTAL,16,2
Row17_Range03,17,3,82.0981518,48.62107355652174,EXPERIMENTAL,16,3
Row17_Range04,17,4,82.0981518,48.62117203478261,EXPERIMENTAL,16,4
Row17_Range05,17,5,82.0981518,48.62127051304348,EXPERIMENTAL,16,5
Row17_Range06,17,6,82.0981518,48.62136899130435,EXPERIMENTAL,16,6
Row17_Range07,17,7,82.0981518,48.62146746956522,EXPERIMENTAL,16,7
Row17_Range08,17,8,82.0981518,48.621565947826085,EXPERIMENTAL,16,8
Row17_Range09,17,9,82.0981518,48.62166442608696,EXPERIMENTAL,16,9
Row17_Range10,17,10,82.0981518,48.621762904347825,EXPERIMENTAL,16,10
Row17_Range11,17,11,82.0981518,48.62186138260869,EXPERIMENTAL,16,11
Row17_Range12,17,12,82.0981518,48.621959860869566,EXPERIMENTAL,16,12
Row17_Range13,17,13,82.0981518,48.62205833913043,EXPERIMENTAL,16,13
Row17_Range14,17,14,82.0981518,48.62215681739131,EXPERIMENTAL,16,14
Row17_Range15,17,15,82.0981518,48.622255295652174,EXPERIMENTAL,16,15
Row17_Range16,17,16,82.0981518,48.62235377391304,EXPERIMENTAL,16,16
Row17_Range17,17,17,82.0981518,48.622452252173915,EXPERIMENTAL,16,17
Row17_Range18,17,18,82.0981518,48.62255073043478,EXPERIMENTAL,16,18
Row17_Range19,17,19,82.0981518,48.62264920869565,EXPERIMENTAL,16,19
Row17_Range20,17,20,82.0981518,48.62274768695652,EXPERIMENTAL,16,20
Row17_Range21,17,21,82.0981518,48.62284616521739,EXPERIMENTAL,16,21
Row17_Range22,17,22,82.0981518,48.622944643478256,EXPERIMENTAL,16,22
Row17_Range23,17,23,82.0981518,48.62304312173913,EXPERIMENTAL,16,23
Row17_Range24,17,24,82.0981518,48.6231416,EXPERIMENTAL,16,24
Row18_Range01,18,1,82.0982392,48.6208766,EXPERIMENTAL,17,1
Row18_Range02,18,2,82.0982392,48.62097507826087,EXPERIMENTAL,17,2
Row18_Range03,18,3,82.0982392,48.62107355652174,EXPERIMENTAL,17,3
Row18_Range04,18,4,82.0982392,48.62117203478261,EXPERIMENTAL,17,4
Row18_Range05,18,5,82.0982392,48.62127051304348,EXPERIMENTAL,17,5
Row18_Range06,18,6,82.0982392,48.62136899130435,EXPERIMENTAL,17,6
Row18_Range07,18,7,82.0982392,48.62146746956522,EXPERIMENTAL,17,7
Row18_Range08,18,8,82.0982392,48.621565947826085,EXPERIMENTAL,17,8
Row18_Range09,18,9,82.0982392,48.62166442608696,EXPERIMENTAL,17,9
Row18_Range10,18,10,82.0982392,48.621762904347825,EXPERIMENTAL,17,10
Row18_Range11,18,11,82.0982392,48.62186138260869,EXPERIMENTAL,17,11
Row18_Range12,18,12,82.0982392,48.621959860869566,EXPERIMENTAL,17,12
Row18_Range13,18,13,82.0982392,48.62205833913043,EXPERIMENTAL,17,13
Row18_Range14,18,14,82.0982392,48.62215681739131,EXPERIMENTAL,17,14
Row18_Range15,18,15,82.0982392,48.622255295652174,EXPERIMENTAL,17,15
Row18_Range16,18,16,82.0982392,48.62235377391304,EXPERIMENTAL,17,16
Row18_Range17,18,17,82.0982392,48.622452252173915,EXPERIMENTAL,17,17
Row18_Range18,18,18,82.0982392,48.62255073043478,EXPERIMENTAL,17,18
Row18_Range19,18,19,82.0982392,48.62264920869565,EXPERIMENTAL,17,19
Row18_Range20,18,20,82.0982392,48.62274768695652,EXPERIMENTAL,17,20
Row18_Range21,18,21,82.0982392,48.62284616521739,EXPERIMENTAL,17,21
Row18_Range22,18,22,82.0982392,48.622944643478256,EXPERIMENTAL,17,22
Row18_Range23,18,23,82.0982392,48.62304312173913,EXPERIMENTAL,17,23
Row18_Range24,18,24,82.0982392,48.6231416,EXPERIMENTAL,17,24
Row19_Range01,19,1,82.09832615,48.6208766,EXPERIMENTAL,18,1
Row19_Range02,19,2,82.09832615,48.62097507826087,EXPERIMENTAL,18,2
Row19_Range03,19,3,82.09832615,48.62107355652174,EXPERIMENTAL,18,3
Row19_Range04,19,4,82.09832615,48.62117203478261,EXPERIMENTAL,18,4
Row19_Range05,19,5,82.09832615,48.62127051304348,EXPERIMENTAL,18,5
Row19_Range06,19,6,82.09832615,48.62136899130435,EXPERIMENTAL,18,6
Row19_Range07,19,7,82.09832615,48.62146746956522,EXPERIMENTAL,18,7
Row19_Range08,19,8,82.09832615,48.621565947826085,EXPERIMENTAL,18,8
Row19_Range09,19,9,82.09832615,48.62166442608696,EXPERIMENTAL,18,9
Row19_Range10,19,10,82.09832615,48.621762904347825,EXPERIMENTAL,18,10
Row19_Range11,19,11,82.09832615,48.62186138260869,EXPERIMENTAL,18,11
Row19_Range12,19,12,82.09832615,48.621959860869566,EXPERIMENTAL,18,12
Row19_Range13,19,13,82.09832615,48.62205833913043,EXPERIMENTAL,18,13
Row19_Range14,19,14,82.09832615,48.62215681739131,EXPERIMENTAL,18,14
Row19_Range15,19,15,82.09832615,48.622255295652174,EXPERIMENTAL,18,15
Row19_Range16,19,16,82.09832615,48.62235377391304,EXPERIMENTAL,18,16
Row19_Range17,19,17,82.09832615,48.622452252173915,EXPERIMENTAL,18,17
Row19_Range18,19,18,82.09832615,48.62255073043478,EXPERIMENTAL,18,18
Row19_Range19,19,19,82.09832615,48.62264920869565,EXPERIMENTAL,18,19
Row19_Range20,19,20,82.09832615,48.62274768695652,EXPERIMENTAL,18,20
Row19_Range21,19,21,82.09832615,48.62284616521739,EXPERIMENTAL,18,21
Row19_Range22,19,22,82.09832615,48.622944643478256,EXPERIMENTAL,18,22
Row19_Range23,19,23,82.09832615,48.62304312173913,EXPERIMENTAL,18,23
Row19_Range24,19,24,82.09832615,48.6231416,EXPERIMENTAL,18,24
Row20_Range01,20,1,82.0984135,48.6208766,EXPERIMENTAL,19,1
Row20_Range02,20,2,82.0984135,48.62097507826087,EXPERIMENTAL,19,2
Row20_Range03,20,3,82.0984135,48.62107355652174,EXPERIMENTAL,19,3
Row20_Range04,20,4,82.0984135,48.62117203478261,EXPERIMENTAL,19,4
Row20_Range05,20,5,82.0984135,48.62127051304348,EXPERIMENTAL,19,5
Row20_Range06,20,6,82.0984135,48.62136899130435,EXPERIMENTAL,19,6
Row20_Range07,20,7,82.0984135,48.62146746956522,EXPERIMENTAL,19,7
Row20_Range08,20,8,82.0984135,48.621565947826085,EXPERIMENTAL,19,8
Row20_Range09,20,9,82.0984135,48.62166442608696,EXPERIMENTAL,19,9
Row20_Range10,20,10,82.0984135,48.621762904347825,EXPERIMENTAL,19,10
Row20_Range11,20,11,82.0984135,48.62186138260869,EXPERIMENTAL,19,11
Row20_Range12,20,12,82.0984135,48.621959860869566,EXPERIMENTAL,19,12
Row20_Range13,20,13,82.0984135,48.62205833913043,EXPERIMENTAL,19,13
Row20_Range14,20,14,82.0984135,48.62215681739131,EXPERIMENTAL,19,14
Row20_Range15,20,15,82.0984135,48.622255295652174,EXPERIMENTAL,19,15
Row20_Range16,20,16,82.0984135,48.62235377391304,EXPERIMENTAL,19,16
Row20_Range17,20,17,82.0984135,48.622452252173915,EXPERIMENTAL,19,17
Row20_Range18,20,18,82.0984135,48.62255073043478,EXPERIMENTAL,19,18
Row20_Range19,20,19,82.0984135,48.62264920869565,EXPERIMENTAL,19,19
Row20_Range20,20,20,82.0984135,48.62274768695652,EXPERIMENTAL,19,20
Row20_Range21,20,21,82.0984135,48.62284616521739,EXPERIMENTAL,19,21
Row20_Range22,20,22,82.0984135,48.622944643478256,EXPERIMENTAL,19,22
Row20_Range23,20,23,82.0984135,48.62304312173913,EXPERIMENTAL,19,23
Row20_Range24,20,24,82.0984135,48.6231416,EXPERIMENTAL,19,24
Row21_Range01,21,1,82.09850275,48.6208766,EXPERIMENTAL,20,1
Row21_Range02,21,2,82.09850275,48.62097507826087,EXPERIMENTAL,20,2
Row21_Range03,21,3,82.09850275,48.62107355652174,EXPERIMENTAL,20,3
Row21_Range04,21,4,82.09850275,48.62117203478261,EXPERIMENTAL,20,4
Row21_Range05,21,5,82.09850275,48.62127051304348,EXPERIMENTAL,20,5
Row21_Range06,21,6,82.09850275,48.62136899130435,EXPERIMENTAL,20,6
Row21_Range07,21,7,82.09850275,48.62146746956522,EXPERIMENTAL,20,7
Row21_Range08,21,8,82.09850275,48.621565947826085,EXPERIMENTAL,20,8
Row21_Range09,21,9,82.09850275,48.62166442608696,EXPERIMENTAL,20,9
Row21_Range10,21,10,82.09850275,48.621762904347825,EXPERIMENTAL,20,10
Row21_Range11,21,11,82.09850275,48.62186138260869,EXPERIMENTAL,20,11
Row21_Range12,21,12,82.09850275,48.621959860869566,EXPERIMENTAL,20,12
Row21_Range13,21,13,82.09850275,48.62205833913043,EXPERIMENTAL,20,13
Row21_Range14,21,14,82.09850275,48.62215681739131,EXPERIMENTAL,20,14
Row21_Range15,21,15,82.09850275,48.622255295652174,EXPERIMENTAL,20,15
Row21_Range16,21,16,82.09850275,48.62235377391304,EXPERIMENTAL,20,16
Row21_Range17,21,17,82.09850275,48.622452252173915,EXPERIMENTAL,20,17
Row21_Range18,21,18,82.09850275,48.62255073043478,EXPERIMENTAL,20,18
Row21_Range19,21,19,82.09850275,48.62264920869565,EXPERIMENTAL,20,19
Row21_Range20,21,20,82.09850275,48.62274768695652,EXPERIMENTAL,20,20
Row21_Range21,21,21,82.09850275,48.62284616521739,EXPERIMENTAL,20,21
Row21_Range22,21,22,82.09850275,48.622944643478256,EXPERIMENTAL,20,22
Row21_Range23,21,23,82.09850275,48.62304312173913,EXPERIMENTAL,20,23
Row21_Range24,21,24,82.09850275,48.6231416,EXPERIMENTAL,20,24
